#
# There is insufficient memory for the Java Runtime Environment to continue.
# Native memory allocation (mmap) failed to map 163577856 bytes. Error detail: G1 virtual space
# Possible reasons:
#   The system is out of physical RAM or swap space
#   This process is running with CompressedOops enabled, and the Java Heap may be blocking the growth of the native heap
# Possible solutions:
#   Reduce memory load on the system
#   Increase physical memory or swap space
#   Check if swap backing store is full
#   Decrease Java heap size (-Xmx/-Xms)
#   Decrease number of Java threads
#   Decrease Java thread stack sizes (-Xss)
#   Set larger code cache with -XX:ReservedCodeCacheSize=
#   JVM is running with Zero Based Compressed Oops mode in which the Java heap is
#     placed in the first 32GB address space. The Java Heap base address is the
#     maximum limit for the native heap growth. Please use -XX:HeapBaseMinAddress
#     to set the Java Heap base and to place the Java Heap above 32GB virtual address.
# This output file may be truncated or incomplete.
#
#  Out of Memory Error (os_windows.cpp:3573), pid=22540, tid=22316
#
# JRE version: OpenJDK Runtime Environment Temurin-25.0.4.1+1 (25.0.4.1+1) (build 25.0.4.1+1-LTS)
# Java VM: OpenJDK 64-Bit Server VM Temurin-25.0.4.1+1 (25.0.4.1+1-LTS, mixed mode, sharing, tiered, compressed oops, compressed class ptrs, g1 gc, windows-amd64)
# No core dump will be written. Minidumps are not enabled by default on client versions of Windows
#

---------------  S U M M A R Y ------------

Command Line: --add-opens=java.base/java.lang=ALL-UNNAMED --add-opens=java.base/java.lang.invoke=ALL-UNNAMED --add-opens=java.base/java.util=ALL-UNNAMED --add-opens=java.prefs/java.util.prefs=ALL-UNNAMED --add-exports=jdk.compiler/com.sun.tools.javac.api=ALL-UNNAMED --add-exports=jdk.compiler/com.sun.tools.javac.util=ALL-UNNAMED --add-opens=java.base/java.nio.charset=ALL-UNNAMED --add-opens=java.base/java.net=ALL-UNNAMED --add-opens=java.base/java.util.concurrent=ALL-UNNAMED --add-opens=java.base/java.util.concurrent.atomic=ALL-UNNAMED --add-opens=java.xml/javax.xml.namespace=ALL-UNNAMED --add-opens=java.base/java.time=ALL-UNNAMED --enable-native-access=ALL-UNNAMED --add-exports=jdk.compiler/com.sun.tools.javac.api=ALL-UNNAMED --add-exports=jdk.compiler/com.sun.tools.javac.file=ALL-UNNAMED --add-exports=jdk.compiler/com.sun.tools.javac.parser=ALL-UNNAMED --add-exports=jdk.compiler/com.sun.tools.javac.tree=ALL-UNNAMED --add-exports=jdk.compiler/com.sun.tools.javac.util=ALL-UNNAMED --add-exports=java.naming/com.sun.jndi.ldap=ALL-UNNAMED --add-opens=java.base/java.lang=ALL-UNNAMED --add-opens=java.base/java.lang.invoke=ALL-UNNAMED --add-opens=java.base/java.io=ALL-UNNAMED --add-opens=java.base/java.security=ALL-UNNAMED --add-opens=java.base/java.util=ALL-UNNAMED --add-opens=java.management/javax.management=ALL-UNNAMED --add-opens=java.naming/javax.naming=ALL-UNNAMED --add-opens=java.rmi/sun.rmi.transport=null -Xmx3g -Dfile.encoding=UTF-8 -Duser.country=TW -Duser.language=zh -Duser.variant -javaagent:C:\Users\jenny\.gradle\wrapper\dists\gradle-9.7.1-bin\1w1c7tv4s851m17nbqdsro2tv\gradle-9.7.1\lib\agents\gradle-instrumentation-agent-9.7.1.jar org.gradle.launcher.daemon.bootstrap.GradleDaemon 9.7.1

Host: 13th Gen Intel(R) Core(TM) i5-13450HX, 16 cores, 15G,  Windows 11 , 64 bit Build 26100 (10.0.26100.9444)
Time: Tue Oct  6 03:44:40 2026 elapsed time: 386.315767 seconds (0d 0h 6m 26s)

---------------  T H R E A D  ---------------

Current thread (0x000002bb1e384f50):  VMThread "VM Thread"          [id=22316, stack(0x000000c594f00000,0x000000c595000000) (1024K)]

Stack: [0x000000c594f00000,0x000000c595000000]
Native frames: (J=compiled Java code, j=interpreted, Vv=VM code, C=native code)
V  [jvm.dll+0x7aba79]  (no source info available)
V  [jvm.dll+0x775a3d]  (no source info available)
V  [jvm.dll+0x9fb9ed]  (no source info available)
V  [jvm.dll+0x9fdfe1]  (no source info available)
V  [jvm.dll+0x9fe6f3]  (no source info available)
V  [jvm.dll+0x2fdb36]  (no source info available)
V  [jvm.dll+0x7a7c75]  (no source info available)
V  [jvm.dll+0x79b007]  (no source info available)
V  [jvm.dll+0x3f6848]  (no source info available)
V  [jvm.dll+0x3fe7b6]  (no source info available)
V  [jvm.dll+0x3eaf1e]  (no source info available)
V  [jvm.dll+0x3eb1d8]  (no source info available)
V  [jvm.dll+0x3c2025]  (no source info available)
V  [jvm.dll+0x3c20ba]  (no source info available)
V  [jvm.dll+0x40f596]  (no source info available)
V  [jvm.dll+0x40dea8]  (no source info available)
V  [jvm.dll+0x3c1757]  (no source info available)
V  [jvm.dll+0x40d28f]  (no source info available)
V  [jvm.dll+0xa04942]  (no source info available)
V  [jvm.dll+0xa05c61]  (no source info available)
V  [jvm.dll+0xa061d8]  (no source info available)
V  [jvm.dll+0xa06473]  (no source info available)
V  [jvm.dll+0x99cb1d]  (no source info available)
V  [jvm.dll+0x7aa025]  (no source info available)
C  [ucrtbase.dll+0x2cd30]  (no source info available)
C  [KERNEL32.DLL+0x2cd87]  (no source info available)
C  [ntdll.dll+0xacaec]  (no source info available)

VM_Operation (0x000000c59dbfd788): G1CollectForAllocation, mode: safepoint, requested by thread 0x000002bb302f8c50


---------------  P R O C E S S  ---------------

Threads class SMR info:
_java_thread_list=0x000002bb33d3d300, length=119, elements={
0x000002bb7f7e8640, 0x000002bb1e3a53d0, 0x000002bb1e3976b0, 0x000002bb1e3b6730,
0x000002bb1e3993d0, 0x000002bb1e39c9a0, 0x000002bb1e39fe70, 0x000002bb1e3a2ea0,
0x000002bb1e3a4250, 0x000002bb1e9d2780, 0x000002bb1eac3ad0, 0x000002bb1e9ca140,
0x000002bb24d47cf0, 0x000002bb24be7090, 0x000002bb250ef760, 0x000002bb24e0d110,
0x000002bb23f1f590, 0x000002bb23f1edc0, 0x000002bb23f214d0, 0x000002bb1e90cf10,
0x000002bb24fc2ea0, 0x000002bb24fc1730, 0x000002bb24fbf7f0, 0x000002bb24fc3670,
0x000002bb2630f3a0, 0x000002bb26310b10, 0x000002bb26312a50, 0x000002bb263141c0,
0x000002bb263112e0, 0x000002bb26315160, 0x000002bb26f136a0, 0x000002bb26f12700,
0x000002bb26f13e70, 0x000002bb26f16d50, 0x000002bb26f15db0, 0x000002bb288f8220,
0x000002bb288f9990, 0x000002bb288fa160, 0x000002bb288fa930, 0x000002bb288f89f0,
0x000002bb28a09de0, 0x000002bb29222750, 0x000002bb29225630, 0x000002bb29224e60,
0x000002bb292236f0, 0x000002bb29225e00, 0x000002bb27b376e0, 0x000002bb27b39620,
0x000002bb27b36f10, 0x000002bb27b37eb0, 0x000002bb27b35f70, 0x000002bb27b3bd30,
0x000002bb27b3a5c0, 0x000002bb27b3b560, 0x000002bb28cb1840, 0x000002bb28cb00d0,
0x000002bb28cb2fb0, 0x000002bb28cb08a0, 0x000002bb28cb56c0, 0x000002bb28cb5e90,
0x000002bb28048140, 0x000002bb28047970, 0x000002bb28048910, 0x000002bb280498b0,
0x000002bb280471a0, 0x000002bb2804b020, 0x000002bb2804b7f0, 0x000002bb2804a080,
0x000002bb2804df00, 0x000002bb2804fe40, 0x000002bb27383bd0, 0x000002bb273862e0,
0x000002bb2738c0a0, 0x000002bb2738b100, 0x000002bb27391690, 0x000002bb2738b8d0,
0x000002bb273906f0, 0x000002bb28054c60, 0x000002bb28052550, 0x000002bb23f19fa0,
0x000002bb23f1b710, 0x000002bb28050610, 0x000002bb288fb100, 0x000002bb277d42c0,
0x000002bb302f6d10, 0x000002bb302f9420, 0x000002bb277d4a90, 0x000002bb277d69d0,
0x000002bb27385340, 0x000002bb27390ec0, 0x000002bb273889f0, 0x000002bb3259abf0,
0x000002bb3259dad0, 0x000002bb3259bb90, 0x000002bb325a5fa0, 0x000002bb325ab590,
0x000002bb325a9e20, 0x000002bb325ac530, 0x000002bb325abd60, 0x000002bb325adca0,
0x000002bb325aa5f0, 0x000002bb325b1b20, 0x000002bb325b1350, 0x000002bb325b22f0,
0x000002bb325b3a60, 0x000002bb325b4230, 0x000002bb325b6940, 0x000002bb325b7110,
0x000002bb325b80b0, 0x000002bb325b4a00, 0x000002bb325b51d0, 0x000002bb325b9050,
0x000002bb325b9ff0, 0x000002bb302effb0, 0x000002bb302f0f50, 0x000002bb302f5d70,
0x000002bb302f8c50, 0x000002bb302f55a0, 0x000002bb2a35dd20
}

Java Threads: ( => current thread )
  0x000002bb7f7e8640 JavaThread "main"                              [_thread_blocked, id=11384, stack(0x000000c594800000,0x000000c594900000) (1024K)]
  0x000002bb1e3a53d0 JavaThread "Reference Handler"          daemon [_thread_blocked, id=6604, stack(0x000000c595000000,0x000000c595100000) (1024K)]
  0x000002bb1e3976b0 JavaThread "Finalizer"                  daemon [_thread_blocked, id=20072, stack(0x000000c595100000,0x000000c595200000) (1024K)]
  0x000002bb1e3b6730 JavaThread "Signal Dispatcher"          daemon [_thread_blocked, id=19388, stack(0x000000c595200000,0x000000c595300000) (1024K)]
  0x000002bb1e3993d0 JavaThread "Attach Listener"            daemon [_thread_blocked, id=33964, stack(0x000000c595300000,0x000000c595400000) (1024K)]
  0x000002bb1e39c9a0 JavaThread "Service Thread"             daemon [_thread_blocked, id=34464, stack(0x000000c595400000,0x000000c595500000) (1024K)]
  0x000002bb1e39fe70 JavaThread "Monitor Deflation Thread"   daemon [_thread_blocked, id=15188, stack(0x000000c595500000,0x000000c595600000) (1024K)]
  0x000002bb1e3a2ea0 JavaThread "C2 CompilerThread0"         daemon [_thread_blocked, id=33820, stack(0x000000c595600000,0x000000c595700000) (1024K)]
  0x000002bb1e3a4250 JavaThread "C1 CompilerThread0"         daemon [_thread_blocked, id=19988, stack(0x000000c595700000,0x000000c595800000) (1024K)]
  0x000002bb1e9d2780 JavaThread "Common-Cleaner"             daemon [_thread_blocked, id=25948, stack(0x000000c595a00000,0x000000c595b00000) (1024K)]
  0x000002bb1eac3ad0 JavaThread "Notification Thread"        daemon [_thread_blocked, id=6176, stack(0x000000c595b00000,0x000000c595c00000) (1024K)]
  0x000002bb1e9ca140 JavaThread "Daemon health stats"               [_thread_blocked, id=29324, stack(0x000000c596300000,0x000000c596400000) (1024K)]
  0x000002bb24d47cf0 JavaThread "Incoming local TCP Connector on port 59159"        [_thread_in_native, id=32864, stack(0x000000c596400000,0x000000c596500000) (1024K)]
  0x000002bb24be7090 JavaThread "Daemon periodic checks"            [_thread_blocked, id=21656, stack(0x000000c596500000,0x000000c596600000) (1024K)]
  0x000002bb250ef760 JavaThread "Daemon"                            [_thread_blocked, id=31204, stack(0x000000c596600000,0x000000c596700000) (1024K)]
  0x000002bb24e0d110 JavaThread "Handler for socket connection from /127.0.0.1:59159 to /127.0.0.1:59160"        [_thread_in_native, id=19552, stack(0x000000c596700000,0x000000c596800000) (1024K)]
  0x000002bb23f1f590 JavaThread "Cancel handler"                    [_thread_blocked, id=20412, stack(0x000000c596800000,0x000000c596900000) (1024K)]
  0x000002bb23f1edc0 JavaThread "Daemon worker"                     [_thread_blocked, id=30516, stack(0x000000c596900000,0x000000c596a00000) (1024K)]
  0x000002bb23f214d0 JavaThread "Asynchronous log dispatcher for DefaultDaemonConnection: socket connection from /127.0.0.1:59159 to /127.0.0.1:59160"        [_thread_blocked, id=21012, stack(0x000000c596a00000,0x000000c596b00000) (1024K)]
  0x000002bb1e90cf10 JavaThread "Stdin handler"                     [_thread_blocked, id=6424, stack(0x000000c596b00000,0x000000c596c00000) (1024K)]
  0x000002bb24fc2ea0 JavaThread "Daemon client event forwarder"        [_thread_blocked, id=25124, stack(0x000000c596c00000,0x000000c596d00000) (1024K)]
  0x000002bb24fc1730 JavaThread "Cache worker for journal cache (C:\Users\jenny\.gradle\caches\journal-1)"        [_thread_blocked, id=18204, stack(0x000000c596d00000,0x000000c596e00000) (1024K)]
  0x000002bb24fbf7f0 JavaThread "File lock request listener"        [_thread_in_native, id=29380, stack(0x000000c596e00000,0x000000c596f00000) (1024K)]
  0x000002bb24fc3670 JavaThread "Cache worker for file hash cache (C:\Users\jenny\.gradle\caches\9.7.1\fileHashes)"        [_thread_blocked, id=16196, stack(0x000000c596f00000,0x000000c597000000) (1024K)]
  0x000002bb2630f3a0 JavaThread "Cache worker for file hash cache (C:\Users\jenny\Desktop\fineract-upstream\.gradle\9.7.1\fileHashes)"        [_thread_blocked, id=27532, stack(0x000000c597a00000,0x000000c597b00000) (1024K)]
  0x000002bb26310b10 JavaThread "Cache worker for Build Output Cleanup Cache (C:\Users\jenny\Desktop\fineract-upstream\.gradle\buildOutputCleanup)"        [_thread_blocked, id=28520, stack(0x000000c597b00000,0x000000c597c00000) (1024K)]
  0x000002bb26312a50 JavaThread "Cache worker for Build Output Cleanup Cache (C:\Users\jenny\Desktop\fineract-upstream\buildSrc\.gradle\buildOutputCleanup)"        [_thread_blocked, id=18132, stack(0x000000c597c00000,0x000000c597d00000) (1024K)]
  0x000002bb263141c0 JavaThread "File watcher server"        daemon [_thread_blocked, id=21664, stack(0x000000c597d00000,0x000000c597e00000) (1024K)]
  0x000002bb263112e0 JavaThread "File watcher consumer"      daemon [_thread_blocked, id=13460, stack(0x000000c597e00000,0x000000c597f00000) (1024K)]
  0x000002bb26315160 JavaThread "Cache worker for file content cache (C:\Users\jenny\.gradle\caches\9.7.1\fileContent)"        [_thread_blocked, id=29084, stack(0x000000c597f00000,0x000000c598000000) (1024K)]
  0x000002bb26f136a0 JavaThread "Cache worker for checksums cache (C:\Users\jenny\Desktop\fineract-upstream\.gradle\9.7.1\checksums)"        [_thread_blocked, id=2844, stack(0x000000c598000000,0x000000c598100000) (1024K)]
  0x000002bb26f12700 JavaThread "Cache worker for cache directory md-supplier (C:\Users\jenny\.gradle\caches\9.7.1\md-supplier)"        [_thread_blocked, id=14276, stack(0x000000c598100000,0x000000c598200000) (1024K)]
  0x000002bb26f13e70 JavaThread "Cache worker for cache directory md-rule (C:\Users\jenny\.gradle\caches\9.7.1\md-rule)"        [_thread_blocked, id=13516, stack(0x000000c598200000,0x000000c598300000) (1024K)]
  0x000002bb26f16d50 JavaThread "jar transforms"                    [_thread_blocked, id=31032, stack(0x000000c598300000,0x000000c598400000) (1024K)]
  0x000002bb26f15db0 JavaThread "Build operations"                  [_thread_blocked, id=34420, stack(0x000000c598400000,0x000000c598500000) (1024K)]
  0x000002bb288f8220 JavaThread "Build operations Thread 2"         [_thread_blocked, id=12860, stack(0x000000c598500000,0x000000c598600000) (1024K)]
  0x000002bb288f9990 JavaThread "gradle-enterprise-worker-0"        [_thread_blocked, id=4076, stack(0x000000c598600000,0x000000c598700000) (1024K)]
  0x000002bb288fa160 JavaThread "Develocity resource usage"  daemon [_thread_blocked, id=5924, stack(0x000000c598700000,0x000000c598800000) (1024K)]
  0x000002bb288fa930 JavaThread "JNA Cleaner"                daemon [_thread_blocked, id=19916, stack(0x000000c598800000,0x000000c598900000) (1024K)]
  0x000002bb288f89f0 JavaThread "jar transforms Thread 2"           [_thread_blocked, id=18324, stack(0x000000c598a00000,0x000000c598b00000) (1024K)]
  0x000002bb28a09de0 JavaThread "ForkJoinPool.commonPool-worker-1" daemon [_thread_blocked, id=32404, stack(0x000000c599100000,0x000000c599200000) (1024K)]
  0x000002bb29222750 JavaThread "ForkJoinPool.commonPool-worker-2" daemon [_thread_blocked, id=17388, stack(0x000000c599200000,0x000000c599300000) (1024K)]
  0x000002bb29225630 JavaThread "ForkJoinPool.commonPool-worker-3" daemon [_thread_blocked, id=19948, stack(0x000000c599300000,0x000000c599400000) (1024K)]
  0x000002bb29224e60 JavaThread "ForkJoinPool.commonPool-worker-4" daemon [_thread_blocked, id=27544, stack(0x000000c599400000,0x000000c599500000) (1024K)]
  0x000002bb292236f0 JavaThread "ForkJoinPool.commonPool-worker-5" daemon [_thread_blocked, id=15444, stack(0x000000c599500000,0x000000c599600000) (1024K)]
  0x000002bb29225e00 JavaThread "ForkJoinPool.commonPool-worker-6" daemon [_thread_blocked, id=31540, stack(0x000000c599600000,0x000000c599700000) (1024K)]
  0x000002bb27b376e0 JavaThread "ForkJoinPool.commonPool-worker-8" daemon [_thread_blocked, id=20372, stack(0x000000c599700000,0x000000c599800000) (1024K)]
  0x000002bb27b39620 JavaThread "ForkJoinPool.commonPool-worker-9" daemon [_thread_blocked, id=9980, stack(0x000000c599800000,0x000000c599900000) (1024K)]
  0x000002bb27b36f10 JavaThread "ForkJoinPool.commonPool-worker-11" daemon [_thread_blocked, id=24088, stack(0x000000c599900000,0x000000c599a00000) (1024K)]
  0x000002bb27b37eb0 JavaThread "ForkJoinPool.commonPool-worker-10" daemon [_thread_blocked, id=14596, stack(0x000000c599a00000,0x000000c599b00000) (1024K)]
  0x000002bb27b35f70 JavaThread "ForkJoinPool.commonPool-worker-7" daemon [_thread_blocked, id=7884, stack(0x000000c599b00000,0x000000c599c00000) (1024K)]
  0x000002bb27b3bd30 JavaThread "ForkJoinPool.commonPool-worker-14" daemon [_thread_blocked, id=20848, stack(0x000000c599c00000,0x000000c599d00000) (1024K)]
  0x000002bb27b3a5c0 JavaThread "ForkJoinPool.commonPool-worker-13" daemon [_thread_blocked, id=14348, stack(0x000000c599d00000,0x000000c599e00000) (1024K)]
  0x000002bb27b3b560 JavaThread "ForkJoinPool.commonPool-worker-15" daemon [_thread_blocked, id=15536, stack(0x000000c599e00000,0x000000c599f00000) (1024K)]
  0x000002bb28cb1840 JavaThread "ForkJoinPool.commonPool-worker-12" daemon [_thread_blocked, id=27384, stack(0x000000c599f00000,0x000000c59a000000) (1024K)]
  0x000002bb28cb00d0 JavaThread "Memory manager"                    [_thread_blocked, id=22068, stack(0x000000c59a000000,0x000000c59a100000) (1024K)]
  0x000002bb28cb2fb0 JavaThread "jar transforms Thread 3"           [_thread_blocked, id=19608, stack(0x000000c59a100000,0x000000c59a200000) (1024K)]
  0x000002bb28cb08a0 JavaThread "jar transforms Thread 4"           [_thread_blocked, id=24160, stack(0x000000c59a200000,0x000000c59a300000) (1024K)]
  0x000002bb28cb56c0 JavaThread "jar transforms Thread 5"           [_thread_blocked, id=15760, stack(0x000000c59a300000,0x000000c59a400000) (1024K)]
  0x000002bb28cb5e90 JavaThread "jar transforms Thread 6"           [_thread_blocked, id=22012, stack(0x000000c59a400000,0x000000c59a500000) (1024K)]
  0x000002bb28048140 JavaThread "Resource Usage Collector SystemCpu" daemon [_thread_blocked, id=29812, stack(0x000000c598e00000,0x000000c598f00000) (1024K)]
  0x000002bb28047970 JavaThread "Resource Usage Collector Monitoring 0" daemon [_thread_blocked, id=15048, stack(0x000000c598f00000,0x000000c599000000) (1024K)]
  0x000002bb28048910 JavaThread "Resource Usage Collector Memory" daemon [_thread_blocked, id=2464, stack(0x000000c59a500000,0x000000c59a600000) (1024K)]
  0x000002bb280498b0 JavaThread "Resource Usage Collector Monitoring 1" daemon [_thread_blocked, id=17768, stack(0x000000c59a600000,0x000000c59a700000) (1024K)]
  0x000002bb280471a0 JavaThread "Resource Usage Collector NetworkSpeed" daemon [_thread_blocked, id=9160, stack(0x000000c59a700000,0x000000c59a800000) (1024K)]
  0x000002bb2804b020 JavaThread "Resource Usage Collector Monitoring 2" daemon [_thread_blocked, id=3188, stack(0x000000c59a800000,0x000000c59a900000) (1024K)]
  0x000002bb2804b7f0 JavaThread "Resource Usage Collector DiskSpeed" daemon [_thread_blocked, id=15144, stack(0x000000c59a900000,0x000000c59aa00000) (1024K)]
  0x000002bb2804a080 JavaThread "Resource Usage Collector Monitoring 3" daemon [_thread_blocked, id=33812, stack(0x000000c59aa00000,0x000000c59ab00000) (1024K)]
  0x000002bb2804df00 JavaThread "Resource Usage Collector Processes" daemon [_thread_blocked, id=32112, stack(0x000000c59ab00000,0x000000c59ac00000) (1024K)]
  0x000002bb2804fe40 JavaThread "Resource Usage Collector Monitoring 4" daemon [_thread_blocked, id=20764, stack(0x000000c59ac00000,0x000000c59ad00000) (1024K)]
  0x000002bb27383bd0 JavaThread "Execution worker"                  [_thread_blocked, id=4168, stack(0x000000c59ae00000,0x000000c59af00000) (1024K)]
  0x000002bb273862e0 JavaThread "Cache worker for execution history cache (C:\Users\jenny\Desktop\fineract-upstream\buildSrc\.gradle\9.7.1\executionHistory)"        [_thread_blocked, id=21100, stack(0x000000c59af00000,0x000000c59b000000) (1024K)]
  0x000002bb2738c0a0 JavaThread "jar transforms Thread 7"           [_thread_blocked, id=19940, stack(0x000000c59b000000,0x000000c59b100000) (1024K)]
  0x000002bb2738b100 JavaThread "Problems report writer"            [_thread_blocked, id=29004, stack(0x000000c595800000,0x000000c595900000) (1024K)]
  0x000002bb27391690 JavaThread "jar transforms Thread 8"           [_thread_blocked, id=28120, stack(0x000000c596200000,0x000000c596300000) (1024K)]
  0x000002bb2738b8d0 JavaThread "jar transforms Thread 9"           [_thread_blocked, id=23284, stack(0x000000c595e00000,0x000000c595f00000) (1024K)]
  0x000002bb273906f0 JavaThread "jar transforms Thread 10"          [_thread_blocked, id=8772, stack(0x000000c597000000,0x000000c597100000) (1024K)]
  0x000002bb28054c60 JavaThread "jar transforms Thread 11"          [_thread_blocked, id=29964, stack(0x000000c59b100000,0x000000c59b200000) (1024K)]
  0x000002bb28052550 JavaThread "jar transforms Thread 12"          [_thread_blocked, id=19240, stack(0x000000c59b200000,0x000000c59b300000) (1024K)]
  0x000002bb23f19fa0 JavaThread "jar transforms Thread 13"          [_thread_blocked, id=28764, stack(0x000000c59b300000,0x000000c59b400000) (1024K)]
  0x000002bb23f1b710 JavaThread "jar transforms Thread 14"          [_thread_blocked, id=21852, stack(0x000000c59b400000,0x000000c59b500000) (1024K)]
  0x000002bb28050610 JavaThread "Thread-40"                  daemon [_thread_blocked, id=22324, stack(0x000000c59b600000,0x000000c59b700000) (1024K)]
  0x000002bb288fb100 JavaThread "jar transforms Thread 15"          [_thread_blocked, id=34336, stack(0x000000c598900000,0x000000c598a00000) (1024K)]
  0x000002bb277d42c0 JavaThread "jar transforms Thread 16"          [_thread_blocked, id=34404, stack(0x000000c59b700000,0x000000c59b800000) (1024K)]
  0x000002bb302f6d10 JavaThread "included builds Thread 2"          [_thread_blocked, id=3952, stack(0x000000c59bd00000,0x000000c59be00000) (1024K)]
  0x000002bb302f9420 JavaThread "Cache worker for execution history cache (C:\Users\jenny\Desktop\fineract-upstream\.gradle\9.7.1\executionHistory)"        [_thread_blocked, id=21788, stack(0x000000c59be00000,0x000000c59bf00000) (1024K)]
  0x000002bb277d4a90 JavaThread "Cache worker for Java compile cache (C:\Users\jenny\.gradle\caches\9.7.1\javaCompile)"        [_thread_blocked, id=22060, stack(0x000000c59b900000,0x000000c59ba00000) (1024K)]
  0x000002bb277d69d0 JavaThread "Exec process"                      [_thread_blocked, id=19568, stack(0x000000c59ba00000,0x000000c59bb00000) (1024K)]
  0x000002bb27385340 JavaThread "Exec process Thread 2"             [_thread_blocked, id=16900, stack(0x000000c59bc00000,0x000000c59bd00000) (1024K)]
  0x000002bb27390ec0 JavaThread "Exec process Thread 3"             [_thread_blocked, id=20256, stack(0x000000c59bf00000,0x000000c59c000000) (1024K)]
  0x000002bb273889f0 JavaThread "Exec process Thread 4"             [_thread_blocked, id=2580, stack(0x000000c59c000000,0x000000c59c100000) (1024K)]
  0x000002bb3259abf0 JavaThread "Exec process Thread 5"             [_thread_blocked, id=27340, stack(0x000000c59c600000,0x000000c59c700000) (1024K)]
  0x000002bb3259dad0 JavaThread "Exec process Thread 6"             [_thread_blocked, id=31012, stack(0x000000c59c700000,0x000000c59c800000) (1024K)]
  0x000002bb3259bb90 JavaThread "JGit-FileStoreAttributeReader-1" daemon [_thread_blocked, id=34356, stack(0x000000c595f00000,0x000000c596000000) (1024K)]
  0x000002bb325a5fa0 JavaThread "JGit-WorkQueue"             daemon [_thread_blocked, id=19720, stack(0x000000c59c300000,0x000000c59c400000) (1024K)]
  0x000002bb325ab590 JavaThread "ClassGraph-worker-0"        daemon [_thread_blocked, id=28408, stack(0x000000c59c400000,0x000000c59c500000) (1024K)]
  0x000002bb325a9e20 JavaThread "ClassGraph-worker-1"        daemon [_thread_blocked, id=10104, stack(0x000000c59c500000,0x000000c59c600000) (1024K)]
  0x000002bb325ac530 JavaThread "ClassGraph-worker-2"        daemon [_thread_blocked, id=34788, stack(0x000000c59c800000,0x000000c59c900000) (1024K)]
  0x000002bb325abd60 JavaThread "ClassGraph-worker-3"        daemon [_thread_blocked, id=22536, stack(0x000000c59c900000,0x000000c59ca00000) (1024K)]
  0x000002bb325adca0 JavaThread "ClassGraph-worker-4"        daemon [_thread_blocked, id=14836, stack(0x000000c59ca00000,0x000000c59cb00000) (1024K)]
  0x000002bb325aa5f0 JavaThread "ClassGraph-worker-5"        daemon [_thread_blocked, id=17096, stack(0x000000c59cb00000,0x000000c59cc00000) (1024K)]
  0x000002bb325b1b20 JavaThread "ClassGraph-worker-6"        daemon [_thread_blocked, id=18628, stack(0x000000c59cc00000,0x000000c59cd00000) (1024K)]
  0x000002bb325b1350 JavaThread "ClassGraph-worker-7"        daemon [_thread_blocked, id=14692, stack(0x000000c59cd00000,0x000000c59ce00000) (1024K)]
  0x000002bb325b22f0 JavaThread "ClassGraph-worker-8"        daemon [_thread_blocked, id=19580, stack(0x000000c59ce00000,0x000000c59cf00000) (1024K)]
  0x000002bb325b3a60 JavaThread "ClassGraph-worker-9"        daemon [_thread_blocked, id=11816, stack(0x000000c59cf00000,0x000000c59d000000) (1024K)]
  0x000002bb325b4230 JavaThread "ClassGraph-worker-10"       daemon [_thread_blocked, id=15268, stack(0x000000c59d000000,0x000000c59d100000) (1024K)]
  0x000002bb325b6940 JavaThread "ClassGraph-worker-11"       daemon [_thread_blocked, id=12880, stack(0x000000c59d100000,0x000000c59d200000) (1024K)]
  0x000002bb325b7110 JavaThread "ClassGraph-worker-12"       daemon [_thread_blocked, id=22028, stack(0x000000c59d200000,0x000000c59d300000) (1024K)]
  0x000002bb325b80b0 JavaThread "ClassGraph-worker-13"       daemon [_thread_blocked, id=22624, stack(0x000000c59d300000,0x000000c59d400000) (1024K)]
  0x000002bb325b4a00 JavaThread "ClassGraph-worker-14"       daemon [_thread_blocked, id=19544, stack(0x000000c59d400000,0x000000c59d500000) (1024K)]
  0x000002bb325b51d0 JavaThread "ClassGraph-worker-15"       daemon [_thread_blocked, id=31428, stack(0x000000c59d500000,0x000000c59d600000) (1024K)]
  0x000002bb325b9050 JavaThread "ClassGraph-worker-16"       daemon [_thread_blocked, id=9824, stack(0x000000c59d600000,0x000000c59d700000) (1024K)]
  0x000002bb325b9ff0 JavaThread "ClassGraph-worker-17"       daemon [_thread_blocked, id=13472, stack(0x000000c59d700000,0x000000c59d800000) (1024K)]
  0x000002bb302effb0 JavaThread "ClassGraph-worker-18"       daemon [_thread_blocked, id=33448, stack(0x000000c59d800000,0x000000c59d900000) (1024K)]
  0x000002bb302f0f50 JavaThread "ClassGraph-worker-19"       daemon [_thread_blocked, id=16372, stack(0x000000c59d900000,0x000000c59da00000) (1024K)]
  0x000002bb302f5d70 JavaThread "ClassGraph-worker-20"       daemon [_thread_blocked, id=2100, stack(0x000000c59da00000,0x000000c59db00000) (1024K)]
  0x000002bb302f8c50 JavaThread "ClassGraph-worker-21"       daemon [_thread_blocked, id=15156, stack(0x000000c59db00000,0x000000c59dc00000) (1024K)]
  0x000002bb302f55a0 JavaThread "ClassGraph-worker-22"       daemon [_thread_blocked, id=29804, stack(0x000000c59dc00000,0x000000c59dd00000) (1024K)]
  0x000002bb2a35dd20 JavaThread "ClassGraph-worker-23"       daemon [_thread_blocked, id=6052, stack(0x000000c59dd00000,0x000000c59de00000) (1024K)]
Total: 119

Other Threads:
=>0x000002bb1e384f50 VMThread "VM Thread"                           [id=22316, stack(0x000000c594f00000,0x000000c595000000) (1024K)]
  0x000002bb1e24f240 WatcherThread "VM Periodic Task Thread"        [id=27004, stack(0x000000c594e00000,0x000000c594f00000) (1024K)]
  0x000002bb7f846200 WorkerThread "GC Thread#0"                     [id=33932, stack(0x000000c594900000,0x000000c594a00000) (1024K)]
  0x000002bb23e88a70 WorkerThread "GC Thread#1"                     [id=34620, stack(0x000000c595900000,0x000000c595a00000) (1024K)]
  0x000002bb23e88ea0 WorkerThread "GC Thread#2"                     [id=20460, stack(0x000000c595c00000,0x000000c595d00000) (1024K)]
  0x000002bb23e892d0 WorkerThread "GC Thread#3"                     [id=32688, stack(0x000000c595d00000,0x000000c595e00000) (1024K)]
  0x000002bb23e89700 WorkerThread "GC Thread#4"                     [id=10164, stack(0x000000c596000000,0x000000c596100000) (1024K)]
  0x000002bb23f09db0 WorkerThread "GC Thread#5"                     [id=25220, stack(0x000000c596100000,0x000000c596200000) (1024K)]
  0x000002bb25075f60 WorkerThread "GC Thread#6"                     [id=25176, stack(0x000000c597100000,0x000000c597200000) (1024K)]
  0x000002bb25073890 WorkerThread "GC Thread#7"                     [id=23852, stack(0x000000c597200000,0x000000c597300000) (1024K)]
  0x000002bb250763b0 WorkerThread "GC Thread#8"                     [id=33960, stack(0x000000c597300000,0x000000c597400000) (1024K)]
  0x000002bb25074e20 WorkerThread "GC Thread#9"                     [id=24956, stack(0x000000c597400000,0x000000c597500000) (1024K)]
  0x000002bb25076800 WorkerThread "GC Thread#10"                    [id=20220, stack(0x000000c597500000,0x000000c597600000) (1024K)]
  0x000002bb250770a0 WorkerThread "GC Thread#11"                    [id=19712, stack(0x000000c597600000,0x000000c597700000) (1024K)]
  0x000002bb250774f0 WorkerThread "GC Thread#12"                    [id=22456, stack(0x000000c597700000,0x000000c597800000) (1024K)]
  0x000002bb7f859ae0 ConcurrentGCThread "G1 Main Marker"            [id=28968, stack(0x000000c594a00000,0x000000c594b00000) (1024K)]
  0x000002bb7f85a680 WorkerThread "G1 Conc#0"                       [id=5488, stack(0x000000c594b00000,0x000000c594c00000) (1024K)]
  0x000002bb25077d90 WorkerThread "G1 Conc#1"                       [id=23080, stack(0x000000c597800000,0x000000c597900000) (1024K)]
  0x000002bb250781e0 WorkerThread "G1 Conc#2"                       [id=24280, stack(0x000000c597900000,0x000000c597a00000) (1024K)]
  0x000002bb7f89e870 ConcurrentGCThread "G1 Refine#0"               [id=3068, stack(0x000000c594c00000,0x000000c594d00000) (1024K)]
  0x000002bb1e237ea0 ConcurrentGCThread "G1 Service"                [id=28944, stack(0x000000c594d00000,0x000000c594e00000) (1024K)]
Total: 21

Threads with active compile tasks:
Total: 0

VM state: at safepoint (normal execution)

VM Mutex/Monitor currently owned by a thread:  ([mutex/lock_event])
[0x00007ffe240df758] Threads_lock - owner thread: 0x000002bb1e384f50
[0x00007ffe240df8d8] Heap_lock - owner thread: 0x000002bb302f8c50

Heap address: 0x0000000740000000, size: 3072 MB, Compressed Oops mode: Zero based, Oop shift amount: 3

CDS archive(s) mapped at: [0x0000000096000000-0x0000000096db0000-0x0000000096db0000), size 14352384, SharedBaseAddress: 0x0000000096000000, ArchiveRelocationMode: 1.
Compressed class space mapped at: 0x0000000097000000-0x00000000d7000000, reserved size: 1073741824
UseCompressedClassPointers 1, UseCompactObjectHeaders 0
Narrow klass pointer bits 32, Max shift 3
Narrow klass base: 0x0000000096000000, Narrow klass shift: 0
Encoding Range: [0x0000000096000000 - 0x0000000196000000), (4294967296 bytes)
Klass Range:    [0x0000000096010000 - 0x00000000d7000000), (1090453504 bytes)
Klass ID Range:  [65536 - 1090519033) (1090453497)
Protection zone: [0x0000000096000000 - 0x0000000096010000), (65536 bytes)

GC Precious Log:
 CardTable entry size: 512
 Card Set container configuration: InlinePtr #cards 4 size 8 Array Of Cards #cards 16 size 48 Howl #buckets 8 coarsen threshold 3686 Howl Bitmap #cards 512 size 80 coarsen threshold 460 Card regions per heap region 1 cards per card region 4096
 CPUs: 16 total, 16 available
 Memory: 15987M
 Large Page Support: Disabled
 NUMA Support: Disabled
 Compressed Oops: Enabled (Zero based)
 Heap Region Size: 2M
 Heap Min Capacity: 8M
 Heap Initial Capacity: 250M
 Heap Max Capacity: 3G
 Pre-touch: Disabled
 Parallel Workers: 13
 Concurrent Workers: 3
 Concurrent Refinement Workers: 13
 Periodic GC: Disabled

Heap:
 garbage-first heap   total reserved 3145728K, committed 2318336K, used 1559345K [0x0000000740000000, 0x0000000800000000)
  region size 2048K, 38 young (77824K), 38 survivors (77824K)

Heap Regions: E=young(eden), S=young(survivor), O=old, HS=humongous(starts), HC=humongous(continues), CS=collection set, F=free, TAMS=top-at-mark-start, PB=parsable bottom
|   0|0x0000000740000000, 0x0000000740200000, 0x0000000740200000|100%|HS|  |TAMS 0x0000000740000000| PB 0x0000000740000000| Complete |  0
|   1|0x0000000740200000, 0x0000000740400000, 0x0000000740400000|100%|HC|  |TAMS 0x0000000740200000| PB 0x0000000740200000| Complete |  0
|   2|0x0000000740400000, 0x0000000740600000, 0x0000000740600000|100%| O|  |TAMS 0x0000000740400000| PB 0x0000000740400000| Untracked |  0
|   3|0x0000000740600000, 0x0000000740800000, 0x0000000740800000|100%| O|  |TAMS 0x0000000740600000| PB 0x0000000740600000| Untracked |  0
|   4|0x0000000740800000, 0x0000000740a00000, 0x0000000740a00000|100%| O|  |TAMS 0x0000000740800000| PB 0x0000000740800000| Untracked |  0
|   5|0x0000000740a00000, 0x0000000740c00000, 0x0000000740c00000|100%| O|  |TAMS 0x0000000740a00000| PB 0x0000000740a00000| Untracked |  0
|   6|0x0000000740c00000, 0x0000000740e00000, 0x0000000740e00000|100%| O|  |TAMS 0x0000000740c00000| PB 0x0000000740c00000| Untracked |  0
|   7|0x0000000740e00000, 0x0000000741000000, 0x0000000741000000|100%| O|  |TAMS 0x0000000740e00000| PB 0x0000000740e00000| Untracked |  0
|   8|0x0000000741000000, 0x0000000741200000, 0x0000000741200000|100%| O|  |TAMS 0x0000000741000000| PB 0x0000000741000000| Untracked |  0
|   9|0x0000000741200000, 0x0000000741400000, 0x0000000741400000|100%| O|  |TAMS 0x0000000741200000| PB 0x0000000741200000| Untracked |  0
|  10|0x0000000741400000, 0x0000000741600000, 0x0000000741600000|100%| O|  |TAMS 0x0000000741400000| PB 0x0000000741400000| Untracked |  0
|  11|0x0000000741600000, 0x0000000741800000, 0x0000000741800000|100%| O|  |TAMS 0x0000000741600000| PB 0x0000000741600000| Untracked |  0
|  12|0x0000000741800000, 0x0000000741a00000, 0x0000000741a00000|100%| O|  |TAMS 0x0000000741800000| PB 0x0000000741800000| Untracked |  0
|  13|0x0000000741a00000, 0x0000000741c00000, 0x0000000741c00000|100%| O|  |TAMS 0x0000000741a00000| PB 0x0000000741a00000| Untracked |  0
|  14|0x0000000741c00000, 0x0000000741e00000, 0x0000000741e00000|100%| O|  |TAMS 0x0000000741c00000| PB 0x0000000741c00000| Untracked |  0
|  15|0x0000000741e00000, 0x0000000742000000, 0x0000000742000000|100%|HS|  |TAMS 0x0000000741e00000| PB 0x0000000741e00000| Complete |  0
|  16|0x0000000742000000, 0x0000000742200000, 0x0000000742200000|100%|HS|  |TAMS 0x0000000742000000| PB 0x0000000742000000| Complete |  0
|  17|0x0000000742200000, 0x0000000742400000, 0x0000000742400000|100%| O|  |TAMS 0x0000000742200000| PB 0x0000000742200000| Untracked |  0
|  18|0x0000000742400000, 0x0000000742600000, 0x0000000742600000|100%| O|  |TAMS 0x0000000742400000| PB 0x0000000742400000| Untracked |  0
|  19|0x0000000742600000, 0x0000000742800000, 0x0000000742800000|100%| O|  |TAMS 0x0000000742600000| PB 0x0000000742600000| Untracked |  0
|  20|0x0000000742800000, 0x0000000742a00000, 0x0000000742a00000|100%| O|  |TAMS 0x0000000742800000| PB 0x0000000742800000| Untracked |  0
|  21|0x0000000742a00000, 0x0000000742c00000, 0x0000000742c00000|100%| O|  |TAMS 0x0000000742a00000| PB 0x0000000742a00000| Untracked |  0
|  22|0x0000000742c00000, 0x0000000742e00000, 0x0000000742e00000|100%| O|  |TAMS 0x0000000742c00000| PB 0x0000000742c00000| Untracked |  0
|  23|0x0000000742e00000, 0x0000000743000000, 0x0000000743000000|100%| O|  |TAMS 0x0000000742e00000| PB 0x0000000742e00000| Untracked |  0
|  24|0x0000000743000000, 0x0000000743200000, 0x0000000743200000|100%| O|  |TAMS 0x0000000743000000| PB 0x0000000743000000| Untracked |  0
|  25|0x0000000743200000, 0x0000000743400000, 0x0000000743400000|100%| O|  |TAMS 0x0000000743200000| PB 0x0000000743200000| Untracked |  0
|  26|0x0000000743400000, 0x0000000743600000, 0x0000000743600000|100%| O|  |TAMS 0x0000000743400000| PB 0x0000000743400000| Untracked |  0
|  27|0x0000000743600000, 0x0000000743800000, 0x0000000743800000|100%| O|  |TAMS 0x0000000743600000| PB 0x0000000743600000| Untracked |  0
|  28|0x0000000743800000, 0x0000000743a00000, 0x0000000743a00000|100%| O|  |TAMS 0x0000000743800000| PB 0x0000000743800000| Untracked |  0
|  29|0x0000000743a00000, 0x0000000743c00000, 0x0000000743c00000|100%| O|  |TAMS 0x0000000743a00000| PB 0x0000000743a00000| Untracked |  0
|  30|0x0000000743c00000, 0x0000000743e00000, 0x0000000743e00000|100%| O|  |TAMS 0x0000000743c00000| PB 0x0000000743c00000| Untracked |  0
|  31|0x0000000743e00000, 0x0000000744000000, 0x0000000744000000|100%| O|  |TAMS 0x0000000743e00000| PB 0x0000000743e00000| Untracked |  0
|  32|0x0000000744000000, 0x0000000744200000, 0x0000000744200000|100%| O|  |TAMS 0x0000000744000000| PB 0x0000000744000000| Untracked |  0
|  33|0x0000000744200000, 0x0000000744400000, 0x0000000744400000|100%| O|  |TAMS 0x0000000744200000| PB 0x0000000744200000| Untracked |  0
|  34|0x0000000744400000, 0x0000000744600000, 0x0000000744600000|100%| O|  |TAMS 0x0000000744400000| PB 0x0000000744400000| Untracked |  0
|  35|0x0000000744600000, 0x0000000744800000, 0x0000000744800000|100%| O|  |TAMS 0x0000000744600000| PB 0x0000000744600000| Untracked |  0
|  36|0x0000000744800000, 0x0000000744a00000, 0x0000000744a00000|100%| O|  |TAMS 0x0000000744800000| PB 0x0000000744800000| Untracked |  0
|  37|0x0000000744a00000, 0x0000000744c00000, 0x0000000744c00000|100%| O|  |TAMS 0x0000000744a00000| PB 0x0000000744a00000| Untracked |  0
|  38|0x0000000744c00000, 0x0000000744e00000, 0x0000000744e00000|100%| O|  |TAMS 0x0000000744c00000| PB 0x0000000744c00000| Untracked |  0
|  39|0x0000000744e00000, 0x0000000745000000, 0x0000000745000000|100%| O|  |TAMS 0x0000000744e00000| PB 0x0000000744e00000| Untracked |  0
|  40|0x0000000745000000, 0x0000000745200000, 0x0000000745200000|100%| O|  |TAMS 0x0000000745000000| PB 0x0000000745000000| Untracked |  0
|  41|0x0000000745200000, 0x0000000745400000, 0x0000000745400000|100%| O|  |TAMS 0x0000000745200000| PB 0x0000000745200000| Untracked |  0
|  42|0x0000000745400000, 0x0000000745600000, 0x0000000745600000|100%| O|  |TAMS 0x0000000745400000| PB 0x0000000745400000| Untracked |  0
|  43|0x0000000745600000, 0x0000000745800000, 0x0000000745800000|100%| O|  |TAMS 0x0000000745600000| PB 0x0000000745600000| Untracked |  0
|  44|0x0000000745800000, 0x0000000745a00000, 0x0000000745a00000|100%| O|  |TAMS 0x0000000745800000| PB 0x0000000745800000| Untracked |  0
|  45|0x0000000745a00000, 0x0000000745c00000, 0x0000000745c00000|100%| O|  |TAMS 0x0000000745a00000| PB 0x0000000745a00000| Untracked |  0
|  46|0x0000000745c00000, 0x0000000745e00000, 0x0000000745e00000|100%| O|  |TAMS 0x0000000745c00000| PB 0x0000000745c00000| Untracked |  0
|  47|0x0000000745e00000, 0x0000000746000000, 0x0000000746000000|100%| O|  |TAMS 0x0000000745e00000| PB 0x0000000745e00000| Untracked |  0
|  48|0x0000000746000000, 0x0000000746200000, 0x0000000746200000|100%| O|  |TAMS 0x0000000746000000| PB 0x0000000746000000| Untracked |  0
|  49|0x0000000746200000, 0x0000000746400000, 0x0000000746400000|100%| O|  |TAMS 0x0000000746200000| PB 0x0000000746200000| Untracked |  0
|  50|0x0000000746400000, 0x0000000746600000, 0x0000000746600000|100%| O|  |TAMS 0x0000000746400000| PB 0x0000000746400000| Untracked |  0
|  51|0x0000000746600000, 0x0000000746800000, 0x0000000746800000|100%| O|  |TAMS 0x0000000746600000| PB 0x0000000746600000| Untracked |  0
|  52|0x0000000746800000, 0x0000000746a00000, 0x0000000746a00000|100%| O|  |TAMS 0x0000000746800000| PB 0x0000000746800000| Untracked |  0
|  53|0x0000000746a00000, 0x0000000746c00000, 0x0000000746c00000|100%| O|  |TAMS 0x0000000746a00000| PB 0x0000000746a00000| Untracked |  0
|  54|0x0000000746c00000, 0x0000000746e00000, 0x0000000746e00000|100%| O|  |TAMS 0x0000000746c00000| PB 0x0000000746c00000| Untracked |  0
|  55|0x0000000746e00000, 0x0000000747000000, 0x0000000747000000|100%| O|  |TAMS 0x0000000746e00000| PB 0x0000000746e00000| Untracked |  0
|  56|0x0000000747000000, 0x0000000747200000, 0x0000000747200000|100%|HS|  |TAMS 0x0000000747000000| PB 0x0000000747000000| Complete |  0
|  57|0x0000000747200000, 0x0000000747400000, 0x0000000747400000|100%| O|  |TAMS 0x0000000747200000| PB 0x0000000747200000| Untracked |  0
|  58|0x0000000747400000, 0x0000000747600000, 0x0000000747600000|100%| O|  |TAMS 0x0000000747400000| PB 0x0000000747400000| Untracked |  0
|  59|0x0000000747600000, 0x0000000747800000, 0x0000000747800000|100%| O|  |TAMS 0x0000000747600000| PB 0x0000000747600000| Untracked |  0
|  60|0x0000000747800000, 0x0000000747a00000, 0x0000000747a00000|100%| O|  |TAMS 0x0000000747800000| PB 0x0000000747800000| Untracked |  0
|  61|0x0000000747a00000, 0x0000000747c00000, 0x0000000747c00000|100%| O|  |TAMS 0x0000000747a00000| PB 0x0000000747a00000| Untracked |  0
|  62|0x0000000747c00000, 0x0000000747e00000, 0x0000000747e00000|100%| O|  |TAMS 0x0000000747c00000| PB 0x0000000747c00000| Untracked |  0
|  63|0x0000000747e00000, 0x0000000748000000, 0x0000000748000000|100%| O|  |TAMS 0x0000000747e00000| PB 0x0000000747e00000| Untracked |  0
|  64|0x0000000748000000, 0x0000000748200000, 0x0000000748200000|100%| O|  |TAMS 0x0000000748000000| PB 0x0000000748000000| Untracked |  0
|  65|0x0000000748200000, 0x0000000748400000, 0x0000000748400000|100%| O|  |TAMS 0x0000000748200000| PB 0x0000000748200000| Untracked |  0
|  66|0x0000000748400000, 0x0000000748600000, 0x0000000748600000|100%| O|  |TAMS 0x0000000748400000| PB 0x0000000748400000| Untracked |  0
|  67|0x0000000748600000, 0x0000000748800000, 0x0000000748800000|100%| O|  |TAMS 0x0000000748600000| PB 0x0000000748600000| Untracked |  0
|  68|0x0000000748800000, 0x0000000748a00000, 0x0000000748a00000|100%| O|  |TAMS 0x0000000748800000| PB 0x0000000748800000| Untracked |  0
|  69|0x0000000748a00000, 0x0000000748c00000, 0x0000000748c00000|100%| O|  |TAMS 0x0000000748a00000| PB 0x0000000748a00000| Untracked |  0
|  70|0x0000000748c00000, 0x0000000748e00000, 0x0000000748e00000|100%| O|  |TAMS 0x0000000748c00000| PB 0x0000000748c00000| Untracked |  0
|  71|0x0000000748e00000, 0x0000000749000000, 0x0000000749000000|100%| O|  |TAMS 0x0000000748e00000| PB 0x0000000748e00000| Untracked |  0
|  72|0x0000000749000000, 0x0000000749200000, 0x0000000749200000|100%| O|  |TAMS 0x0000000749000000| PB 0x0000000749000000| Untracked |  0
|  73|0x0000000749200000, 0x0000000749400000, 0x0000000749400000|100%| O|  |TAMS 0x0000000749200000| PB 0x0000000749200000| Untracked |  0
|  74|0x0000000749400000, 0x0000000749600000, 0x0000000749600000|100%| O|  |TAMS 0x0000000749400000| PB 0x0000000749400000| Untracked |  0
|  75|0x0000000749600000, 0x0000000749800000, 0x0000000749800000|100%| O|  |TAMS 0x0000000749600000| PB 0x0000000749600000| Untracked |  0
|  76|0x0000000749800000, 0x0000000749a00000, 0x0000000749a00000|100%| O|  |TAMS 0x0000000749800000| PB 0x0000000749800000| Untracked |  0
|  77|0x0000000749a00000, 0x0000000749c00000, 0x0000000749c00000|100%| O|  |TAMS 0x0000000749a00000| PB 0x0000000749a00000| Untracked |  0
|  78|0x0000000749c00000, 0x0000000749e00000, 0x0000000749e00000|100%| O|  |TAMS 0x0000000749c00000| PB 0x0000000749c00000| Untracked |  0
|  79|0x0000000749e00000, 0x000000074a000000, 0x000000074a000000|100%| O|  |TAMS 0x0000000749e00000| PB 0x0000000749e00000| Untracked |  0
|  80|0x000000074a000000, 0x000000074a200000, 0x000000074a200000|100%| O|  |TAMS 0x000000074a000000| PB 0x000000074a000000| Untracked |  0
|  81|0x000000074a200000, 0x000000074a400000, 0x000000074a400000|100%| O|  |TAMS 0x000000074a200000| PB 0x000000074a200000| Untracked |  0
|  82|0x000000074a400000, 0x000000074a600000, 0x000000074a600000|100%| O|  |TAMS 0x000000074a400000| PB 0x000000074a400000| Untracked |  0
|  83|0x000000074a600000, 0x000000074a800000, 0x000000074a800000|100%| O|  |TAMS 0x000000074a600000| PB 0x000000074a600000| Untracked |  0
|  84|0x000000074a800000, 0x000000074aa00000, 0x000000074aa00000|100%| O|  |TAMS 0x000000074a800000| PB 0x000000074a800000| Untracked |  0
|  85|0x000000074aa00000, 0x000000074ac00000, 0x000000074ac00000|100%| O|  |TAMS 0x000000074aa00000| PB 0x000000074aa00000| Untracked |  0
|  86|0x000000074ac00000, 0x000000074ae00000, 0x000000074ae00000|100%| O|  |TAMS 0x000000074ac00000| PB 0x000000074ac00000| Untracked |  0
|  87|0x000000074ae00000, 0x000000074b000000, 0x000000074b000000|100%| O|  |TAMS 0x000000074ae00000| PB 0x000000074ae00000| Untracked |  0
|  88|0x000000074b000000, 0x000000074b200000, 0x000000074b200000|100%| O|  |TAMS 0x000000074b000000| PB 0x000000074b000000| Untracked |  0
|  89|0x000000074b200000, 0x000000074b400000, 0x000000074b400000|100%| O|  |TAMS 0x000000074b200000| PB 0x000000074b200000| Untracked |  0
|  90|0x000000074b400000, 0x000000074b600000, 0x000000074b600000|100%| O|  |TAMS 0x000000074b400000| PB 0x000000074b400000| Untracked |  0
|  91|0x000000074b600000, 0x000000074b800000, 0x000000074b800000|100%| O|  |TAMS 0x000000074b600000| PB 0x000000074b600000| Untracked |  0
|  92|0x000000074b800000, 0x000000074ba00000, 0x000000074ba00000|100%| O|  |TAMS 0x000000074b800000| PB 0x000000074b800000| Untracked |  0
|  93|0x000000074ba00000, 0x000000074bc00000, 0x000000074bc00000|100%| O|  |TAMS 0x000000074ba00000| PB 0x000000074ba00000| Untracked |  0
|  94|0x000000074bc00000, 0x000000074be00000, 0x000000074be00000|100%| O|  |TAMS 0x000000074bc00000| PB 0x000000074bc00000| Untracked |  0
|  95|0x000000074be00000, 0x000000074c000000, 0x000000074c000000|100%| O|  |TAMS 0x000000074be00000| PB 0x000000074be00000| Untracked |  0
|  96|0x000000074c000000, 0x000000074c200000, 0x000000074c200000|100%| O|  |TAMS 0x000000074c000000| PB 0x000000074c000000| Untracked |  0
|  97|0x000000074c200000, 0x000000074c400000, 0x000000074c400000|100%| O|  |TAMS 0x000000074c200000| PB 0x000000074c200000| Untracked |  0
|  98|0x000000074c400000, 0x000000074c600000, 0x000000074c600000|100%| O|  |TAMS 0x000000074c400000| PB 0x000000074c400000| Untracked |  0
|  99|0x000000074c600000, 0x000000074c800000, 0x000000074c800000|100%| O|  |TAMS 0x000000074c600000| PB 0x000000074c600000| Untracked |  0
| 100|0x000000074c800000, 0x000000074ca00000, 0x000000074ca00000|100%| O|  |TAMS 0x000000074c800000| PB 0x000000074c800000| Untracked |  0
| 101|0x000000074ca00000, 0x000000074cc00000, 0x000000074cc00000|100%| O|  |TAMS 0x000000074ca00000| PB 0x000000074ca00000| Untracked |  0
| 102|0x000000074cc00000, 0x000000074ce00000, 0x000000074ce00000|100%| O|  |TAMS 0x000000074cc00000| PB 0x000000074cc00000| Untracked |  0
| 103|0x000000074ce00000, 0x000000074d000000, 0x000000074d000000|100%| O|  |TAMS 0x000000074ce00000| PB 0x000000074ce00000| Untracked |  0
| 104|0x000000074d000000, 0x000000074d200000, 0x000000074d200000|100%| O|  |TAMS 0x000000074d000000| PB 0x000000074d000000| Untracked |  0
| 105|0x000000074d200000, 0x000000074d400000, 0x000000074d400000|100%| O|  |TAMS 0x000000074d200000| PB 0x000000074d200000| Untracked |  0
| 106|0x000000074d400000, 0x000000074d600000, 0x000000074d600000|100%| O|  |TAMS 0x000000074d400000| PB 0x000000074d400000| Untracked |  0
| 107|0x000000074d600000, 0x000000074d800000, 0x000000074d800000|100%| O|  |TAMS 0x000000074d600000| PB 0x000000074d600000| Untracked |  0
| 108|0x000000074d800000, 0x000000074da00000, 0x000000074da00000|100%| O|  |TAMS 0x000000074d800000| PB 0x000000074d800000| Untracked |  0
| 109|0x000000074da00000, 0x000000074dc00000, 0x000000074dc00000|100%| O|  |TAMS 0x000000074da00000| PB 0x000000074da00000| Untracked |  0
| 110|0x000000074dc00000, 0x000000074de00000, 0x000000074de00000|100%| O|  |TAMS 0x000000074dc00000| PB 0x000000074dc00000| Untracked |  0
| 111|0x000000074de00000, 0x000000074e000000, 0x000000074e000000|100%| O|  |TAMS 0x000000074de00000| PB 0x000000074de00000| Untracked |  0
| 112|0x000000074e000000, 0x000000074e200000, 0x000000074e200000|100%| O|  |TAMS 0x000000074e000000| PB 0x000000074e000000| Untracked |  0
| 113|0x000000074e200000, 0x000000074e400000, 0x000000074e400000|100%| O|  |TAMS 0x000000074e200000| PB 0x000000074e200000| Untracked |  0
| 114|0x000000074e400000, 0x000000074e600000, 0x000000074e600000|100%| O|  |TAMS 0x000000074e400000| PB 0x000000074e400000| Untracked |  0
| 115|0x000000074e600000, 0x000000074e800000, 0x000000074e800000|100%| O|  |TAMS 0x000000074e600000| PB 0x000000074e600000| Untracked |  0
| 116|0x000000074e800000, 0x000000074ea00000, 0x000000074ea00000|100%| O|  |TAMS 0x000000074e800000| PB 0x000000074e800000| Untracked |  0
| 117|0x000000074ea00000, 0x000000074ec00000, 0x000000074ec00000|100%| O|  |TAMS 0x000000074ea00000| PB 0x000000074ea00000| Untracked |  0
| 118|0x000000074ec00000, 0x000000074ee00000, 0x000000074ee00000|100%| O|  |TAMS 0x000000074ec00000| PB 0x000000074ec00000| Untracked |  0
| 119|0x000000074ee00000, 0x000000074f000000, 0x000000074f000000|100%| O|  |TAMS 0x000000074ee00000| PB 0x000000074ee00000| Untracked |  0
| 120|0x000000074f000000, 0x000000074f200000, 0x000000074f200000|100%| O|  |TAMS 0x000000074f000000| PB 0x000000074f000000| Untracked |  0
| 121|0x000000074f200000, 0x000000074f400000, 0x000000074f400000|100%| O|  |TAMS 0x000000074f200000| PB 0x000000074f200000| Untracked |  0
| 122|0x000000074f400000, 0x000000074f600000, 0x000000074f600000|100%| O|  |TAMS 0x000000074f400000| PB 0x000000074f400000| Untracked |  0
| 123|0x000000074f600000, 0x000000074f800000, 0x000000074f800000|100%| O|  |TAMS 0x000000074f600000| PB 0x000000074f600000| Untracked |  0
| 124|0x000000074f800000, 0x000000074fa00000, 0x000000074fa00000|100%| O|  |TAMS 0x000000074f800000| PB 0x000000074f800000| Untracked |  0
| 125|0x000000074fa00000, 0x000000074fc00000, 0x000000074fc00000|100%| O|  |TAMS 0x000000074fa00000| PB 0x000000074fa00000| Untracked |  0
| 126|0x000000074fc00000, 0x000000074fe00000, 0x000000074fe00000|100%| O|  |TAMS 0x000000074fc00000| PB 0x000000074fc00000| Untracked |  0
| 127|0x000000074fe00000, 0x0000000750000000, 0x0000000750000000|100%| O|  |TAMS 0x000000074fe00000| PB 0x000000074fe00000| Untracked |  0
| 128|0x0000000750000000, 0x0000000750200000, 0x0000000750200000|100%| O|  |TAMS 0x0000000750000000| PB 0x0000000750000000| Untracked |  0
| 129|0x0000000750200000, 0x0000000750400000, 0x0000000750400000|100%| O|  |TAMS 0x0000000750200000| PB 0x0000000750200000| Untracked |  0
| 130|0x0000000750400000, 0x0000000750600000, 0x0000000750600000|100%| O|  |TAMS 0x0000000750400000| PB 0x0000000750400000| Untracked |  0
| 131|0x0000000750600000, 0x0000000750800000, 0x0000000750800000|100%| O|  |TAMS 0x0000000750600000| PB 0x0000000750600000| Untracked |  0
| 132|0x0000000750800000, 0x0000000750a00000, 0x0000000750a00000|100%| O|  |TAMS 0x0000000750800000| PB 0x0000000750800000| Untracked |  0
| 133|0x0000000750a00000, 0x0000000750c00000, 0x0000000750c00000|100%| O|  |TAMS 0x0000000750a00000| PB 0x0000000750a00000| Untracked |  0
| 134|0x0000000750c00000, 0x0000000750e00000, 0x0000000750e00000|100%| O|  |TAMS 0x0000000750c00000| PB 0x0000000750c00000| Untracked |  0
| 135|0x0000000750e00000, 0x0000000751000000, 0x0000000751000000|100%| O|  |TAMS 0x0000000750e00000| PB 0x0000000750e00000| Untracked |  0
| 136|0x0000000751000000, 0x0000000751200000, 0x0000000751200000|100%| O|  |TAMS 0x0000000751000000| PB 0x0000000751000000| Untracked |  0
| 137|0x0000000751200000, 0x0000000751400000, 0x0000000751400000|100%| O|  |TAMS 0x0000000751200000| PB 0x0000000751200000| Untracked |  0
| 138|0x0000000751400000, 0x0000000751600000, 0x0000000751600000|100%| O|  |TAMS 0x0000000751400000| PB 0x0000000751400000| Untracked |  0
| 139|0x0000000751600000, 0x0000000751800000, 0x0000000751800000|100%| O|  |TAMS 0x0000000751600000| PB 0x0000000751600000| Untracked |  0
| 140|0x0000000751800000, 0x0000000751a00000, 0x0000000751a00000|100%| O|  |TAMS 0x0000000751800000| PB 0x0000000751800000| Untracked |  0
| 141|0x0000000751a00000, 0x0000000751c00000, 0x0000000751c00000|100%| O|  |TAMS 0x0000000751a00000| PB 0x0000000751a00000| Untracked |  0
| 142|0x0000000751c00000, 0x0000000751e00000, 0x0000000751e00000|100%| O|  |TAMS 0x0000000751c00000| PB 0x0000000751c00000| Untracked |  0
| 143|0x0000000751e00000, 0x0000000752000000, 0x0000000752000000|100%| O|  |TAMS 0x0000000751e00000| PB 0x0000000751e00000| Untracked |  0
| 144|0x0000000752000000, 0x0000000752200000, 0x0000000752200000|100%| O|  |TAMS 0x0000000752000000| PB 0x0000000752000000| Untracked |  0
| 145|0x0000000752200000, 0x0000000752400000, 0x0000000752400000|100%| O|  |TAMS 0x0000000752200000| PB 0x0000000752200000| Untracked |  0
| 146|0x0000000752400000, 0x0000000752600000, 0x0000000752600000|100%| O|  |TAMS 0x0000000752400000| PB 0x0000000752400000| Untracked |  0
| 147|0x0000000752600000, 0x0000000752800000, 0x0000000752800000|100%| O|  |TAMS 0x0000000752600000| PB 0x0000000752600000| Untracked |  0
| 148|0x0000000752800000, 0x0000000752a00000, 0x0000000752a00000|100%| O|  |TAMS 0x0000000752800000| PB 0x0000000752800000| Untracked |  0
| 149|0x0000000752a00000, 0x0000000752c00000, 0x0000000752c00000|100%| O|  |TAMS 0x0000000752a00000| PB 0x0000000752a00000| Untracked |  0
| 150|0x0000000752c00000, 0x0000000752e00000, 0x0000000752e00000|100%| O|  |TAMS 0x0000000752c00000| PB 0x0000000752c00000| Untracked |  0
| 151|0x0000000752e00000, 0x0000000753000000, 0x0000000753000000|100%| O|  |TAMS 0x0000000752e00000| PB 0x0000000752e00000| Untracked |  0
| 152|0x0000000753000000, 0x0000000753200000, 0x0000000753200000|100%| O|  |TAMS 0x0000000753000000| PB 0x0000000753000000| Untracked |  0
| 153|0x0000000753200000, 0x0000000753400000, 0x0000000753400000|100%| O|  |TAMS 0x0000000753200000| PB 0x0000000753200000| Untracked |  0
| 154|0x0000000753400000, 0x0000000753600000, 0x0000000753600000|100%| O|  |TAMS 0x0000000753400000| PB 0x0000000753400000| Untracked |  0
| 155|0x0000000753600000, 0x0000000753800000, 0x0000000753800000|100%| O|  |TAMS 0x0000000753600000| PB 0x0000000753600000| Untracked |  0
| 156|0x0000000753800000, 0x0000000753a00000, 0x0000000753a00000|100%| O|  |TAMS 0x0000000753800000| PB 0x0000000753800000| Untracked |  0
| 157|0x0000000753a00000, 0x0000000753c00000, 0x0000000753c00000|100%| O|  |TAMS 0x0000000753a00000| PB 0x0000000753a00000| Untracked |  0
| 158|0x0000000753c00000, 0x0000000753e00000, 0x0000000753e00000|100%| O|  |TAMS 0x0000000753c00000| PB 0x0000000753c00000| Untracked |  0
| 159|0x0000000753e00000, 0x0000000754000000, 0x0000000754000000|100%| O|  |TAMS 0x0000000753e00000| PB 0x0000000753e00000| Untracked |  0
| 160|0x0000000754000000, 0x0000000754200000, 0x0000000754200000|100%| O|  |TAMS 0x0000000754000000| PB 0x0000000754000000| Untracked |  0
| 161|0x0000000754200000, 0x0000000754400000, 0x0000000754400000|100%| O|  |TAMS 0x0000000754200000| PB 0x0000000754200000| Untracked |  0
| 162|0x0000000754400000, 0x0000000754600000, 0x0000000754600000|100%| O|  |TAMS 0x0000000754400000| PB 0x0000000754400000| Untracked |  0
| 163|0x0000000754600000, 0x0000000754800000, 0x0000000754800000|100%| O|  |TAMS 0x0000000754600000| PB 0x0000000754600000| Untracked |  0
| 164|0x0000000754800000, 0x0000000754a00000, 0x0000000754a00000|100%| O|  |TAMS 0x0000000754800000| PB 0x0000000754800000| Untracked |  0
| 165|0x0000000754a00000, 0x0000000754c00000, 0x0000000754c00000|100%| O|  |TAMS 0x0000000754a00000| PB 0x0000000754a00000| Untracked |  0
| 166|0x0000000754c00000, 0x0000000754e00000, 0x0000000754e00000|100%| O|  |TAMS 0x0000000754c00000| PB 0x0000000754c00000| Untracked |  0
| 167|0x0000000754e00000, 0x0000000755000000, 0x0000000755000000|100%| O|  |TAMS 0x0000000754e00000| PB 0x0000000754e00000| Untracked |  0
| 168|0x0000000755000000, 0x0000000755200000, 0x0000000755200000|100%| O|  |TAMS 0x0000000755000000| PB 0x0000000755000000| Untracked |  0
| 169|0x0000000755200000, 0x0000000755400000, 0x0000000755400000|100%| O|  |TAMS 0x0000000755200000| PB 0x0000000755200000| Untracked |  0
| 170|0x0000000755400000, 0x0000000755600000, 0x0000000755600000|100%| O|  |TAMS 0x0000000755400000| PB 0x0000000755400000| Untracked |  0
| 171|0x0000000755600000, 0x0000000755800000, 0x0000000755800000|100%| O|  |TAMS 0x0000000755600000| PB 0x0000000755600000| Untracked |  0
| 172|0x0000000755800000, 0x0000000755a00000, 0x0000000755a00000|100%| O|  |TAMS 0x0000000755800000| PB 0x0000000755800000| Untracked |  0
| 173|0x0000000755a00000, 0x0000000755c00000, 0x0000000755c00000|100%| O|  |TAMS 0x0000000755a00000| PB 0x0000000755a00000| Untracked |  0
| 174|0x0000000755c00000, 0x0000000755e00000, 0x0000000755e00000|100%| O|  |TAMS 0x0000000755c00000| PB 0x0000000755c00000| Untracked |  0
| 175|0x0000000755e00000, 0x0000000756000000, 0x0000000756000000|100%| O|  |TAMS 0x0000000755e00000| PB 0x0000000755e00000| Untracked |  0
| 176|0x0000000756000000, 0x0000000756200000, 0x0000000756200000|100%| O|  |TAMS 0x0000000756000000| PB 0x0000000756000000| Untracked |  0
| 177|0x0000000756200000, 0x0000000756400000, 0x0000000756400000|100%| O|  |TAMS 0x0000000756200000| PB 0x0000000756200000| Untracked |  0
| 178|0x0000000756400000, 0x0000000756600000, 0x0000000756600000|100%| O|  |TAMS 0x0000000756400000| PB 0x0000000756400000| Untracked |  0
| 179|0x0000000756600000, 0x0000000756800000, 0x0000000756800000|100%| O|  |TAMS 0x0000000756600000| PB 0x0000000756600000| Untracked |  0
| 180|0x0000000756800000, 0x0000000756a00000, 0x0000000756a00000|100%| O|  |TAMS 0x0000000756800000| PB 0x0000000756800000| Untracked |  0
| 181|0x0000000756a00000, 0x0000000756c00000, 0x0000000756c00000|100%| O|  |TAMS 0x0000000756a00000| PB 0x0000000756a00000| Untracked |  0
| 182|0x0000000756c00000, 0x0000000756e00000, 0x0000000756e00000|100%| O|  |TAMS 0x0000000756c00000| PB 0x0000000756c00000| Untracked |  0
| 183|0x0000000756e00000, 0x0000000757000000, 0x0000000757000000|100%| O|  |TAMS 0x0000000756e00000| PB 0x0000000756e00000| Untracked |  0
| 184|0x0000000757000000, 0x0000000757200000, 0x0000000757200000|100%| O|  |TAMS 0x0000000757000000| PB 0x0000000757000000| Untracked |  0
| 185|0x0000000757200000, 0x0000000757400000, 0x0000000757400000|100%| O|  |TAMS 0x0000000757200000| PB 0x0000000757200000| Untracked |  0
| 186|0x0000000757400000, 0x0000000757600000, 0x0000000757600000|100%| O|  |TAMS 0x0000000757400000| PB 0x0000000757400000| Untracked |  0
| 187|0x0000000757600000, 0x0000000757800000, 0x0000000757800000|100%| O|  |TAMS 0x0000000757600000| PB 0x0000000757600000| Untracked |  0
| 188|0x0000000757800000, 0x0000000757a00000, 0x0000000757a00000|100%| O|  |TAMS 0x0000000757800000| PB 0x0000000757800000| Untracked |  0
| 189|0x0000000757a00000, 0x0000000757c00000, 0x0000000757c00000|100%| O|  |TAMS 0x0000000757a00000| PB 0x0000000757a00000| Untracked |  0
| 190|0x0000000757c00000, 0x0000000757e00000, 0x0000000757e00000|100%| O|  |TAMS 0x0000000757c00000| PB 0x0000000757c00000| Untracked |  0
| 191|0x0000000757e00000, 0x0000000758000000, 0x0000000758000000|100%| O|  |TAMS 0x0000000757e00000| PB 0x0000000757e00000| Untracked |  0
| 192|0x0000000758000000, 0x0000000758200000, 0x0000000758200000|100%| O|  |TAMS 0x0000000758000000| PB 0x0000000758000000| Untracked |  0
| 193|0x0000000758200000, 0x0000000758400000, 0x0000000758400000|100%| O|  |TAMS 0x0000000758200000| PB 0x0000000758200000| Untracked |  0
| 194|0x0000000758400000, 0x0000000758600000, 0x0000000758600000|100%| O|  |TAMS 0x0000000758400000| PB 0x0000000758400000| Untracked |  0
| 195|0x0000000758600000, 0x0000000758800000, 0x0000000758800000|100%| O|  |TAMS 0x0000000758600000| PB 0x0000000758600000| Untracked |  0
| 196|0x0000000758800000, 0x0000000758a00000, 0x0000000758a00000|100%| O|  |TAMS 0x0000000758800000| PB 0x0000000758800000| Untracked |  0
| 197|0x0000000758a00000, 0x0000000758c00000, 0x0000000758c00000|100%| O|  |TAMS 0x0000000758a00000| PB 0x0000000758a00000| Untracked |  0
| 198|0x0000000758c00000, 0x0000000758e00000, 0x0000000758e00000|100%|HS|  |TAMS 0x0000000758c00000| PB 0x0000000758c00000| Complete |  0
| 199|0x0000000758e00000, 0x0000000759000000, 0x0000000759000000|100%| O|  |TAMS 0x0000000758e00000| PB 0x0000000758e00000| Untracked |  0
| 200|0x0000000759000000, 0x0000000759200000, 0x0000000759200000|100%| O|  |TAMS 0x0000000759000000| PB 0x0000000759000000| Untracked |  0
| 201|0x0000000759200000, 0x0000000759400000, 0x0000000759400000|100%| O|  |TAMS 0x0000000759200000| PB 0x0000000759200000| Untracked |  0
| 202|0x0000000759400000, 0x0000000759600000, 0x0000000759600000|100%| O|  |TAMS 0x0000000759400000| PB 0x0000000759400000| Untracked |  0
| 203|0x0000000759600000, 0x0000000759800000, 0x0000000759800000|100%| O|  |TAMS 0x0000000759600000| PB 0x0000000759600000| Untracked |  0
| 204|0x0000000759800000, 0x0000000759a00000, 0x0000000759a00000|100%| O|  |TAMS 0x0000000759800000| PB 0x0000000759800000| Untracked |  0
| 205|0x0000000759a00000, 0x0000000759c00000, 0x0000000759c00000|100%| O|  |TAMS 0x0000000759a00000| PB 0x0000000759a00000| Untracked |  0
| 206|0x0000000759c00000, 0x0000000759e00000, 0x0000000759e00000|100%| O|  |TAMS 0x0000000759c00000| PB 0x0000000759c00000| Untracked |  0
| 207|0x0000000759e00000, 0x000000075a000000, 0x000000075a000000|100%| O|  |TAMS 0x0000000759e00000| PB 0x0000000759e00000| Untracked |  0
| 208|0x000000075a000000, 0x000000075a200000, 0x000000075a200000|100%| O|  |TAMS 0x000000075a000000| PB 0x000000075a000000| Untracked |  0
| 209|0x000000075a200000, 0x000000075a400000, 0x000000075a400000|100%| O|  |TAMS 0x000000075a200000| PB 0x000000075a200000| Untracked |  0
| 210|0x000000075a400000, 0x000000075a600000, 0x000000075a600000|100%| O|  |TAMS 0x000000075a400000| PB 0x000000075a400000| Untracked |  0
| 211|0x000000075a600000, 0x000000075a800000, 0x000000075a800000|100%| O|  |TAMS 0x000000075a600000| PB 0x000000075a600000| Untracked |  0
| 212|0x000000075a800000, 0x000000075aa00000, 0x000000075aa00000|100%| O|  |TAMS 0x000000075a800000| PB 0x000000075a800000| Untracked |  0
| 213|0x000000075aa00000, 0x000000075ac00000, 0x000000075ac00000|100%| O|  |TAMS 0x000000075aa00000| PB 0x000000075aa00000| Untracked |  0
| 214|0x000000075ac00000, 0x000000075ae00000, 0x000000075ae00000|100%| O|  |TAMS 0x000000075ac00000| PB 0x000000075ac00000| Untracked |  0
| 215|0x000000075ae00000, 0x000000075b000000, 0x000000075b000000|100%| O|  |TAMS 0x000000075ae00000| PB 0x000000075ae00000| Untracked |  0
| 216|0x000000075b000000, 0x000000075b200000, 0x000000075b200000|100%| O|  |TAMS 0x000000075b000000| PB 0x000000075b000000| Untracked |  0
| 217|0x000000075b200000, 0x000000075b400000, 0x000000075b400000|100%| O|  |TAMS 0x000000075b200000| PB 0x000000075b200000| Untracked |  0
| 218|0x000000075b400000, 0x000000075b600000, 0x000000075b600000|100%| O|  |TAMS 0x000000075b400000| PB 0x000000075b400000| Untracked |  0
| 219|0x000000075b600000, 0x000000075b800000, 0x000000075b800000|100%| O|  |TAMS 0x000000075b600000| PB 0x000000075b600000| Untracked |  0
| 220|0x000000075b800000, 0x000000075ba00000, 0x000000075ba00000|100%| O|  |TAMS 0x000000075b800000| PB 0x000000075b800000| Untracked |  0
| 221|0x000000075ba00000, 0x000000075bc00000, 0x000000075bc00000|100%| O|  |TAMS 0x000000075ba00000| PB 0x000000075ba00000| Untracked |  0
| 222|0x000000075bc00000, 0x000000075be00000, 0x000000075be00000|100%| O|  |TAMS 0x000000075bc00000| PB 0x000000075bc00000| Untracked |  0
| 223|0x000000075be00000, 0x000000075c000000, 0x000000075c000000|100%| O|  |TAMS 0x000000075be00000| PB 0x000000075be00000| Untracked |  0
| 224|0x000000075c000000, 0x000000075c200000, 0x000000075c200000|100%| O|  |TAMS 0x000000075c000000| PB 0x000000075c000000| Untracked |  0
| 225|0x000000075c200000, 0x000000075c400000, 0x000000075c400000|100%| O|  |TAMS 0x000000075c200000| PB 0x000000075c200000| Untracked |  0
| 226|0x000000075c400000, 0x000000075c600000, 0x000000075c600000|100%| O|  |TAMS 0x000000075c400000| PB 0x000000075c400000| Untracked |  0
| 227|0x000000075c600000, 0x000000075c800000, 0x000000075c800000|100%| O|  |TAMS 0x000000075c600000| PB 0x000000075c600000| Untracked |  0
| 228|0x000000075c800000, 0x000000075ca00000, 0x000000075ca00000|100%| O|  |TAMS 0x000000075c800000| PB 0x000000075c800000| Untracked |  0
| 229|0x000000075ca00000, 0x000000075cc00000, 0x000000075cc00000|100%| O|  |TAMS 0x000000075ca00000| PB 0x000000075ca00000| Untracked |  0
| 230|0x000000075cc00000, 0x000000075ce00000, 0x000000075ce00000|100%| O|  |TAMS 0x000000075cc00000| PB 0x000000075cc00000| Untracked |  0
| 231|0x000000075ce00000, 0x000000075d000000, 0x000000075d000000|100%| O|  |TAMS 0x000000075ce00000| PB 0x000000075ce00000| Untracked |  0
| 232|0x000000075d000000, 0x000000075d200000, 0x000000075d200000|100%| O|  |TAMS 0x000000075d000000| PB 0x000000075d000000| Untracked |  0
| 233|0x000000075d200000, 0x000000075d400000, 0x000000075d400000|100%| O|  |TAMS 0x000000075d200000| PB 0x000000075d200000| Untracked |  0
| 234|0x000000075d400000, 0x000000075d600000, 0x000000075d600000|100%| O|  |TAMS 0x000000075d400000| PB 0x000000075d400000| Untracked |  0
| 235|0x000000075d600000, 0x000000075d800000, 0x000000075d800000|100%| O|  |TAMS 0x000000075d600000| PB 0x000000075d600000| Untracked |  0
| 236|0x000000075d800000, 0x000000075da00000, 0x000000075da00000|100%| O|  |TAMS 0x000000075d800000| PB 0x000000075d800000| Untracked |  0
| 237|0x000000075da00000, 0x000000075dc00000, 0x000000075dc00000|100%| O|  |TAMS 0x000000075da00000| PB 0x000000075da00000| Untracked |  0
| 238|0x000000075dc00000, 0x000000075de00000, 0x000000075de00000|100%| O|  |TAMS 0x000000075dc00000| PB 0x000000075dc00000| Untracked |  0
| 239|0x000000075de00000, 0x000000075e000000, 0x000000075e000000|100%| O|  |TAMS 0x000000075de00000| PB 0x000000075de00000| Untracked |  0
| 240|0x000000075e000000, 0x000000075e200000, 0x000000075e200000|100%| O|  |TAMS 0x000000075e000000| PB 0x000000075e000000| Untracked |  0
| 241|0x000000075e200000, 0x000000075e400000, 0x000000075e400000|100%| O|  |TAMS 0x000000075e200000| PB 0x000000075e200000| Untracked |  0
| 242|0x000000075e400000, 0x000000075e600000, 0x000000075e600000|100%| O|  |TAMS 0x000000075e400000| PB 0x000000075e400000| Untracked |  0
| 243|0x000000075e600000, 0x000000075e800000, 0x000000075e800000|100%| O|  |TAMS 0x000000075e600000| PB 0x000000075e600000| Untracked |  0
| 244|0x000000075e800000, 0x000000075ea00000, 0x000000075ea00000|100%| O|  |TAMS 0x000000075e800000| PB 0x000000075e800000| Untracked |  0
| 245|0x000000075ea00000, 0x000000075ec00000, 0x000000075ec00000|100%| O|  |TAMS 0x000000075ea00000| PB 0x000000075ea00000| Untracked |  0
| 246|0x000000075ec00000, 0x000000075ee00000, 0x000000075ee00000|100%|HS|  |TAMS 0x000000075ec00000| PB 0x000000075ec00000| Complete |  0
| 247|0x000000075ee00000, 0x000000075f000000, 0x000000075f000000|100%|HC|  |TAMS 0x000000075ee00000| PB 0x000000075ee00000| Complete |  0
| 248|0x000000075f000000, 0x000000075f200000, 0x000000075f200000|100%| O|  |TAMS 0x000000075f000000| PB 0x000000075f000000| Untracked |  0
| 249|0x000000075f200000, 0x000000075f400000, 0x000000075f400000|100%| O|  |TAMS 0x000000075f200000| PB 0x000000075f200000| Untracked |  0
| 250|0x000000075f400000, 0x000000075f600000, 0x000000075f600000|100%| O|  |TAMS 0x000000075f400000| PB 0x000000075f400000| Untracked |  0
| 251|0x000000075f600000, 0x000000075f800000, 0x000000075f800000|100%| O|  |TAMS 0x000000075f600000| PB 0x000000075f600000| Untracked |  0
| 252|0x000000075f800000, 0x000000075fa00000, 0x000000075fa00000|100%| O|  |TAMS 0x000000075f800000| PB 0x000000075f800000| Untracked |  0
| 253|0x000000075fa00000, 0x000000075fc00000, 0x000000075fc00000|100%| O|  |TAMS 0x000000075fa00000| PB 0x000000075fa00000| Untracked |  0
| 254|0x000000075fc00000, 0x000000075fe00000, 0x000000075fe00000|100%| O|  |TAMS 0x000000075fc00000| PB 0x000000075fc00000| Untracked |  0
| 255|0x000000075fe00000, 0x0000000760000000, 0x0000000760000000|100%| O|  |TAMS 0x000000075fe00000| PB 0x000000075fe00000| Untracked |  0
| 256|0x0000000760000000, 0x0000000760200000, 0x0000000760200000|100%| O|  |TAMS 0x0000000760000000| PB 0x0000000760000000| Untracked |  0
| 257|0x0000000760200000, 0x0000000760400000, 0x0000000760400000|100%| O|  |TAMS 0x0000000760200000| PB 0x0000000760200000| Untracked |  0
| 258|0x0000000760400000, 0x0000000760600000, 0x0000000760600000|100%| O|  |TAMS 0x0000000760400000| PB 0x0000000760400000| Untracked |  0
| 259|0x0000000760600000, 0x0000000760800000, 0x0000000760800000|100%| O|  |TAMS 0x0000000760600000| PB 0x0000000760600000| Untracked |  0
| 260|0x0000000760800000, 0x0000000760a00000, 0x0000000760a00000|100%| O|  |TAMS 0x0000000760800000| PB 0x0000000760800000| Untracked |  0
| 261|0x0000000760a00000, 0x0000000760c00000, 0x0000000760c00000|100%| O|  |TAMS 0x0000000760a00000| PB 0x0000000760a00000| Untracked |  0
| 262|0x0000000760c00000, 0x0000000760e00000, 0x0000000760e00000|100%| O|  |TAMS 0x0000000760c00000| PB 0x0000000760c00000| Untracked |  0
| 263|0x0000000760e00000, 0x0000000761000000, 0x0000000761000000|100%| O|  |TAMS 0x0000000760e00000| PB 0x0000000760e00000| Untracked |  0
| 264|0x0000000761000000, 0x0000000761200000, 0x0000000761200000|100%| O|  |TAMS 0x0000000761000000| PB 0x0000000761000000| Untracked |  0
| 265|0x0000000761200000, 0x0000000761400000, 0x0000000761400000|100%| O|  |TAMS 0x0000000761200000| PB 0x0000000761200000| Untracked |  0
| 266|0x0000000761400000, 0x0000000761600000, 0x0000000761600000|100%| O|  |TAMS 0x0000000761400000| PB 0x0000000761400000| Untracked |  0
| 267|0x0000000761600000, 0x0000000761800000, 0x0000000761800000|100%| O|  |TAMS 0x0000000761600000| PB 0x0000000761600000| Untracked |  0
| 268|0x0000000761800000, 0x0000000761a00000, 0x0000000761a00000|100%| O|  |TAMS 0x0000000761800000| PB 0x0000000761800000| Untracked |  0
| 269|0x0000000761a00000, 0x0000000761c00000, 0x0000000761c00000|100%| O|  |TAMS 0x0000000761a00000| PB 0x0000000761a00000| Untracked |  0
| 270|0x0000000761c00000, 0x0000000761e00000, 0x0000000761e00000|100%| O|  |TAMS 0x0000000761c00000| PB 0x0000000761c00000| Untracked |  0
| 271|0x0000000761e00000, 0x0000000762000000, 0x0000000762000000|100%| O|  |TAMS 0x0000000761e00000| PB 0x0000000761e00000| Untracked |  0
| 272|0x0000000762000000, 0x0000000762200000, 0x0000000762200000|100%| O|  |TAMS 0x0000000762000000| PB 0x0000000762000000| Untracked |  0
| 273|0x0000000762200000, 0x0000000762400000, 0x0000000762400000|100%| O|  |TAMS 0x0000000762200000| PB 0x0000000762200000| Untracked |  0
| 274|0x0000000762400000, 0x0000000762600000, 0x0000000762600000|100%| O|  |TAMS 0x0000000762400000| PB 0x0000000762400000| Untracked |  0
| 275|0x0000000762600000, 0x0000000762800000, 0x0000000762800000|100%| O|  |TAMS 0x0000000762600000| PB 0x0000000762600000| Untracked |  0
| 276|0x0000000762800000, 0x0000000762a00000, 0x0000000762a00000|100%| O|  |TAMS 0x0000000762800000| PB 0x0000000762800000| Untracked |  0
| 277|0x0000000762a00000, 0x0000000762c00000, 0x0000000762c00000|100%| O|  |TAMS 0x0000000762a00000| PB 0x0000000762a00000| Untracked |  0
| 278|0x0000000762c00000, 0x0000000762e00000, 0x0000000762e00000|100%| O|  |TAMS 0x0000000762c00000| PB 0x0000000762c00000| Untracked |  0
| 279|0x0000000762e00000, 0x0000000763000000, 0x0000000763000000|100%| O|  |TAMS 0x0000000762e00000| PB 0x0000000762e00000| Untracked |  0
| 280|0x0000000763000000, 0x0000000763200000, 0x0000000763200000|100%| O|  |TAMS 0x0000000763000000| PB 0x0000000763000000| Untracked |  0
| 281|0x0000000763200000, 0x0000000763400000, 0x0000000763400000|100%| O|  |TAMS 0x0000000763200000| PB 0x0000000763200000| Untracked |  0
| 282|0x0000000763400000, 0x0000000763600000, 0x0000000763600000|100%| O|  |TAMS 0x0000000763400000| PB 0x0000000763400000| Untracked |  0
| 283|0x0000000763600000, 0x0000000763800000, 0x0000000763800000|100%| O|  |TAMS 0x0000000763600000| PB 0x0000000763600000| Untracked |  0
| 284|0x0000000763800000, 0x0000000763a00000, 0x0000000763a00000|100%| O|  |TAMS 0x0000000763800000| PB 0x0000000763800000| Untracked |  0
| 285|0x0000000763a00000, 0x0000000763c00000, 0x0000000763c00000|100%| O|  |TAMS 0x0000000763a00000| PB 0x0000000763a00000| Untracked |  0
| 286|0x0000000763c00000, 0x0000000763e00000, 0x0000000763e00000|100%| O|  |TAMS 0x0000000763c00000| PB 0x0000000763c00000| Untracked |  0
| 287|0x0000000763e00000, 0x0000000764000000, 0x0000000764000000|100%| O|  |TAMS 0x0000000763e00000| PB 0x0000000763e00000| Untracked |  0
| 288|0x0000000764000000, 0x0000000764200000, 0x0000000764200000|100%| O|  |TAMS 0x0000000764000000| PB 0x0000000764000000| Untracked |  0
| 289|0x0000000764200000, 0x0000000764400000, 0x0000000764400000|100%| O|  |TAMS 0x0000000764200000| PB 0x0000000764200000| Untracked |  0
| 290|0x0000000764400000, 0x0000000764600000, 0x0000000764600000|100%| O|  |TAMS 0x0000000764400000| PB 0x0000000764400000| Untracked |  0
| 291|0x0000000764600000, 0x0000000764800000, 0x0000000764800000|100%| O|  |TAMS 0x0000000764600000| PB 0x0000000764600000| Untracked |  0
| 292|0x0000000764800000, 0x0000000764a00000, 0x0000000764a00000|100%| O|  |TAMS 0x0000000764800000| PB 0x0000000764800000| Untracked |  0
| 293|0x0000000764a00000, 0x0000000764c00000, 0x0000000764c00000|100%| O|  |TAMS 0x0000000764a00000| PB 0x0000000764a00000| Untracked |  0
| 294|0x0000000764c00000, 0x0000000764e00000, 0x0000000764e00000|100%| O|  |TAMS 0x0000000764c00000| PB 0x0000000764c00000| Untracked |  0
| 295|0x0000000764e00000, 0x0000000765000000, 0x0000000765000000|100%| O|  |TAMS 0x0000000764e00000| PB 0x0000000764e00000| Untracked |  0
| 296|0x0000000765000000, 0x0000000765200000, 0x0000000765200000|100%| O|  |TAMS 0x0000000765000000| PB 0x0000000765000000| Untracked |  0
| 297|0x0000000765200000, 0x0000000765400000, 0x0000000765400000|100%| O|  |TAMS 0x0000000765200000| PB 0x0000000765200000| Untracked |  0
| 298|0x0000000765400000, 0x0000000765600000, 0x0000000765600000|100%| O|  |TAMS 0x0000000765400000| PB 0x0000000765400000| Untracked |  0
| 299|0x0000000765600000, 0x0000000765800000, 0x0000000765800000|100%| O|  |TAMS 0x0000000765600000| PB 0x0000000765600000| Untracked |  0
| 300|0x0000000765800000, 0x0000000765a00000, 0x0000000765a00000|100%| O|  |TAMS 0x0000000765800000| PB 0x0000000765800000| Untracked |  0
| 301|0x0000000765a00000, 0x0000000765c00000, 0x0000000765c00000|100%| O|  |TAMS 0x0000000765a00000| PB 0x0000000765a00000| Untracked |  0
| 302|0x0000000765c00000, 0x0000000765e00000, 0x0000000765e00000|100%| O|  |TAMS 0x0000000765c00000| PB 0x0000000765c00000| Untracked |  0
| 303|0x0000000765e00000, 0x0000000766000000, 0x0000000766000000|100%| O|  |TAMS 0x0000000765e00000| PB 0x0000000765e00000| Untracked |  0
| 304|0x0000000766000000, 0x0000000766200000, 0x0000000766200000|100%| O|  |TAMS 0x0000000766000000| PB 0x0000000766000000| Untracked |  0
| 305|0x0000000766200000, 0x0000000766400000, 0x0000000766400000|100%| O|  |TAMS 0x0000000766200000| PB 0x0000000766200000| Untracked |  0
| 306|0x0000000766400000, 0x0000000766600000, 0x0000000766600000|100%| O|  |TAMS 0x0000000766400000| PB 0x0000000766400000| Untracked |  0
| 307|0x0000000766600000, 0x0000000766800000, 0x0000000766800000|100%| O|  |TAMS 0x0000000766600000| PB 0x0000000766600000| Untracked |  0
| 308|0x0000000766800000, 0x0000000766a00000, 0x0000000766a00000|100%| O|  |TAMS 0x0000000766800000| PB 0x0000000766800000| Untracked |  0
| 309|0x0000000766a00000, 0x0000000766c00000, 0x0000000766c00000|100%| O|  |TAMS 0x0000000766a00000| PB 0x0000000766a00000| Untracked |  0
| 310|0x0000000766c00000, 0x0000000766e00000, 0x0000000766e00000|100%| O|  |TAMS 0x0000000766c00000| PB 0x0000000766c00000| Untracked |  0
| 311|0x0000000766e00000, 0x0000000767000000, 0x0000000767000000|100%| O|  |TAMS 0x0000000766e00000| PB 0x0000000766e00000| Untracked |  0
| 312|0x0000000767000000, 0x0000000767200000, 0x0000000767200000|100%| O|  |TAMS 0x0000000767000000| PB 0x0000000767000000| Untracked |  0
| 313|0x0000000767200000, 0x0000000767400000, 0x0000000767400000|100%| O|  |TAMS 0x0000000767200000| PB 0x0000000767200000| Untracked |  0
| 314|0x0000000767400000, 0x0000000767600000, 0x0000000767600000|100%| O|  |TAMS 0x0000000767400000| PB 0x0000000767400000| Untracked |  0
| 315|0x0000000767600000, 0x0000000767800000, 0x0000000767800000|100%| O|  |TAMS 0x0000000767600000| PB 0x0000000767600000| Untracked |  0
| 316|0x0000000767800000, 0x0000000767a00000, 0x0000000767a00000|100%| O|  |TAMS 0x0000000767800000| PB 0x0000000767800000| Untracked |  0
| 317|0x0000000767a00000, 0x0000000767c00000, 0x0000000767c00000|100%| O|  |TAMS 0x0000000767a00000| PB 0x0000000767a00000| Untracked |  0
| 318|0x0000000767c00000, 0x0000000767e00000, 0x0000000767e00000|100%| O|  |TAMS 0x0000000767c00000| PB 0x0000000767c00000| Untracked |  0
| 319|0x0000000767e00000, 0x0000000768000000, 0x0000000768000000|100%| O|  |TAMS 0x0000000767e00000| PB 0x0000000767e00000| Untracked |  0
| 320|0x0000000768000000, 0x0000000768200000, 0x0000000768200000|100%| O|  |TAMS 0x0000000768000000| PB 0x0000000768000000| Untracked |  0
| 321|0x0000000768200000, 0x0000000768400000, 0x0000000768400000|100%| O|  |TAMS 0x0000000768200000| PB 0x0000000768200000| Untracked |  0
| 322|0x0000000768400000, 0x0000000768600000, 0x0000000768600000|100%| O|  |TAMS 0x0000000768400000| PB 0x0000000768400000| Untracked |  0
| 323|0x0000000768600000, 0x0000000768800000, 0x0000000768800000|100%| O|  |TAMS 0x0000000768600000| PB 0x0000000768600000| Untracked |  0
| 324|0x0000000768800000, 0x0000000768a00000, 0x0000000768a00000|100%| O|  |TAMS 0x0000000768800000| PB 0x0000000768800000| Untracked |  0
| 325|0x0000000768a00000, 0x0000000768c00000, 0x0000000768c00000|100%| O|  |TAMS 0x0000000768a00000| PB 0x0000000768a00000| Untracked |  0
| 326|0x0000000768c00000, 0x0000000768e00000, 0x0000000768e00000|100%| O|  |TAMS 0x0000000768c00000| PB 0x0000000768c00000| Untracked |  0
| 327|0x0000000768e00000, 0x0000000769000000, 0x0000000769000000|100%| O|  |TAMS 0x0000000768e00000| PB 0x0000000768e00000| Untracked |  0
| 328|0x0000000769000000, 0x0000000769200000, 0x0000000769200000|100%| O|  |TAMS 0x0000000769000000| PB 0x0000000769000000| Untracked |  0
| 329|0x0000000769200000, 0x0000000769400000, 0x0000000769400000|100%| O|  |TAMS 0x0000000769200000| PB 0x0000000769200000| Untracked |  0
| 330|0x0000000769400000, 0x0000000769600000, 0x0000000769600000|100%| O|  |TAMS 0x0000000769400000| PB 0x0000000769400000| Untracked |  0
| 331|0x0000000769600000, 0x0000000769800000, 0x0000000769800000|100%| O|  |TAMS 0x0000000769600000| PB 0x0000000769600000| Untracked |  0
| 332|0x0000000769800000, 0x0000000769a00000, 0x0000000769a00000|100%| O|  |TAMS 0x0000000769800000| PB 0x0000000769800000| Untracked |  0
| 333|0x0000000769a00000, 0x0000000769c00000, 0x0000000769c00000|100%| O|  |TAMS 0x0000000769a00000| PB 0x0000000769a00000| Untracked |  0
| 334|0x0000000769c00000, 0x0000000769e00000, 0x0000000769e00000|100%| O|  |TAMS 0x0000000769c00000| PB 0x0000000769c00000| Untracked |  0
| 335|0x0000000769e00000, 0x000000076a000000, 0x000000076a000000|100%| O|  |TAMS 0x0000000769e00000| PB 0x0000000769e00000| Untracked |  0
| 336|0x000000076a000000, 0x000000076a200000, 0x000000076a200000|100%| O|  |TAMS 0x000000076a000000| PB 0x000000076a000000| Untracked |  0
| 337|0x000000076a200000, 0x000000076a400000, 0x000000076a400000|100%| O|  |TAMS 0x000000076a200000| PB 0x000000076a200000| Untracked |  0
| 338|0x000000076a400000, 0x000000076a600000, 0x000000076a600000|100%| O|  |TAMS 0x000000076a400000| PB 0x000000076a400000| Untracked |  0
| 339|0x000000076a600000, 0x000000076a800000, 0x000000076a800000|100%| O|  |TAMS 0x000000076a600000| PB 0x000000076a600000| Untracked |  0
| 340|0x000000076a800000, 0x000000076aa00000, 0x000000076aa00000|100%| O|  |TAMS 0x000000076a800000| PB 0x000000076a800000| Untracked |  0
| 341|0x000000076aa00000, 0x000000076ac00000, 0x000000076ac00000|100%| O|  |TAMS 0x000000076aa00000| PB 0x000000076aa00000| Untracked |  0
| 342|0x000000076ac00000, 0x000000076ae00000, 0x000000076ae00000|100%| O|  |TAMS 0x000000076ac00000| PB 0x000000076ac00000| Untracked |  0
| 343|0x000000076ae00000, 0x000000076b000000, 0x000000076b000000|100%| O|  |TAMS 0x000000076ae00000| PB 0x000000076ae00000| Untracked |  0
| 344|0x000000076b000000, 0x000000076b200000, 0x000000076b200000|100%| O|  |TAMS 0x000000076b000000| PB 0x000000076b000000| Untracked |  0
| 345|0x000000076b200000, 0x000000076b400000, 0x000000076b400000|100%| O|  |TAMS 0x000000076b200000| PB 0x000000076b200000| Untracked |  0
| 346|0x000000076b400000, 0x000000076b600000, 0x000000076b600000|100%| O|  |TAMS 0x000000076b400000| PB 0x000000076b400000| Untracked |  0
| 347|0x000000076b600000, 0x000000076b800000, 0x000000076b800000|100%| O|  |TAMS 0x000000076b600000| PB 0x000000076b600000| Untracked |  0
| 348|0x000000076b800000, 0x000000076ba00000, 0x000000076ba00000|100%| O|  |TAMS 0x000000076b800000| PB 0x000000076b800000| Untracked |  0
| 349|0x000000076ba00000, 0x000000076bc00000, 0x000000076bc00000|100%| O|  |TAMS 0x000000076ba00000| PB 0x000000076ba00000| Untracked |  0
| 350|0x000000076bc00000, 0x000000076be00000, 0x000000076be00000|100%| O|  |TAMS 0x000000076bc00000| PB 0x000000076bc00000| Untracked |  0
| 351|0x000000076be00000, 0x000000076c000000, 0x000000076c000000|100%| O|  |TAMS 0x000000076be00000| PB 0x000000076be00000| Untracked |  0
| 352|0x000000076c000000, 0x000000076c200000, 0x000000076c200000|100%| O|  |TAMS 0x000000076c000000| PB 0x000000076c000000| Untracked |  0
| 353|0x000000076c200000, 0x000000076c400000, 0x000000076c400000|100%| O|  |TAMS 0x000000076c200000| PB 0x000000076c200000| Untracked |  0
| 354|0x000000076c400000, 0x000000076c600000, 0x000000076c600000|100%| O|  |TAMS 0x000000076c400000| PB 0x000000076c400000| Untracked |  0
| 355|0x000000076c600000, 0x000000076c800000, 0x000000076c800000|100%| O|  |TAMS 0x000000076c600000| PB 0x000000076c600000| Untracked |  0
| 356|0x000000076c800000, 0x000000076ca00000, 0x000000076ca00000|100%| O|  |TAMS 0x000000076c800000| PB 0x000000076c800000| Untracked |  0
| 357|0x000000076ca00000, 0x000000076cc00000, 0x000000076cc00000|100%| O|  |TAMS 0x000000076ca00000| PB 0x000000076ca00000| Untracked |  0
| 358|0x000000076cc00000, 0x000000076ce00000, 0x000000076ce00000|100%| O|  |TAMS 0x000000076cc00000| PB 0x000000076cc00000| Untracked |  0
| 359|0x000000076ce00000, 0x000000076d000000, 0x000000076d000000|100%| O|  |TAMS 0x000000076ce00000| PB 0x000000076ce00000| Untracked |  0
| 360|0x000000076d000000, 0x000000076d200000, 0x000000076d200000|100%| O|  |TAMS 0x000000076d000000| PB 0x000000076d000000| Untracked |  0
| 361|0x000000076d200000, 0x000000076d400000, 0x000000076d400000|100%| O|  |TAMS 0x000000076d200000| PB 0x000000076d200000| Untracked |  0
| 362|0x000000076d400000, 0x000000076d600000, 0x000000076d600000|100%| O|  |TAMS 0x000000076d400000| PB 0x000000076d400000| Untracked |  0
| 363|0x000000076d600000, 0x000000076d800000, 0x000000076d800000|100%| O|  |TAMS 0x000000076d600000| PB 0x000000076d600000| Untracked |  0
| 364|0x000000076d800000, 0x000000076da00000, 0x000000076da00000|100%| O|  |TAMS 0x000000076d800000| PB 0x000000076d800000| Untracked |  0
| 365|0x000000076da00000, 0x000000076dc00000, 0x000000076dc00000|100%| O|  |TAMS 0x000000076da00000| PB 0x000000076da00000| Untracked |  0
| 366|0x000000076dc00000, 0x000000076de00000, 0x000000076de00000|100%| O|  |TAMS 0x000000076dc00000| PB 0x000000076dc00000| Untracked |  0
| 367|0x000000076de00000, 0x000000076e000000, 0x000000076e000000|100%| O|  |TAMS 0x000000076de00000| PB 0x000000076de00000| Untracked |  0
| 368|0x000000076e000000, 0x000000076e200000, 0x000000076e200000|100%| O|  |TAMS 0x000000076e000000| PB 0x000000076e000000| Untracked |  0
| 369|0x000000076e200000, 0x000000076e400000, 0x000000076e400000|100%| O|  |TAMS 0x000000076e200000| PB 0x000000076e200000| Untracked |  0
| 370|0x000000076e400000, 0x000000076e600000, 0x000000076e600000|100%| O|  |TAMS 0x000000076e400000| PB 0x000000076e400000| Untracked |  0
| 371|0x000000076e600000, 0x000000076e800000, 0x000000076e800000|100%| O|  |TAMS 0x000000076e600000| PB 0x000000076e600000| Untracked |  0
| 372|0x000000076e800000, 0x000000076ea00000, 0x000000076ea00000|100%| O|  |TAMS 0x000000076e800000| PB 0x000000076e800000| Untracked |  0
| 373|0x000000076ea00000, 0x000000076ec00000, 0x000000076ec00000|100%| O|  |TAMS 0x000000076ea00000| PB 0x000000076ea00000| Untracked |  0
| 374|0x000000076ec00000, 0x000000076ee00000, 0x000000076ee00000|100%| O|  |TAMS 0x000000076ec00000| PB 0x000000076ec00000| Untracked |  0
| 375|0x000000076ee00000, 0x000000076f000000, 0x000000076f000000|100%| O|  |TAMS 0x000000076ee00000| PB 0x000000076ee00000| Untracked |  0
| 376|0x000000076f000000, 0x000000076f200000, 0x000000076f200000|100%| O|  |TAMS 0x000000076f000000| PB 0x000000076f000000| Untracked |  0
| 377|0x000000076f200000, 0x000000076f400000, 0x000000076f400000|100%| O|  |TAMS 0x000000076f200000| PB 0x000000076f200000| Untracked |  0
| 378|0x000000076f400000, 0x000000076f600000, 0x000000076f600000|100%| O|  |TAMS 0x000000076f400000| PB 0x000000076f400000| Untracked |  0
| 379|0x000000076f600000, 0x000000076f800000, 0x000000076f800000|100%| O|  |TAMS 0x000000076f600000| PB 0x000000076f600000| Untracked |  0
| 380|0x000000076f800000, 0x000000076fa00000, 0x000000076fa00000|100%| O|  |TAMS 0x000000076f800000| PB 0x000000076f800000| Untracked |  0
| 381|0x000000076fa00000, 0x000000076fc00000, 0x000000076fc00000|100%| O|  |TAMS 0x000000076fa00000| PB 0x000000076fa00000| Untracked |  0
| 382|0x000000076fc00000, 0x000000076fc00000, 0x000000076fe00000|  0%| F|  |TAMS 0x000000076fc00000| PB 0x000000076fc00000| Untracked |  0
| 383|0x000000076fe00000, 0x0000000770000000, 0x0000000770000000|100%| O|  |TAMS 0x000000076fe00000| PB 0x000000076fe00000| Untracked |  0
| 384|0x0000000770000000, 0x0000000770200000, 0x0000000770200000|100%| O|  |TAMS 0x0000000770000000| PB 0x0000000770000000| Untracked |  0
| 385|0x0000000770200000, 0x0000000770400000, 0x0000000770400000|100%| O|  |TAMS 0x0000000770200000| PB 0x0000000770200000| Untracked |  0
| 386|0x0000000770400000, 0x0000000770600000, 0x0000000770600000|100%| O|  |TAMS 0x0000000770400000| PB 0x0000000770400000| Untracked |  0
| 387|0x0000000770600000, 0x0000000770800000, 0x0000000770800000|100%| O|  |TAMS 0x0000000770600000| PB 0x0000000770600000| Untracked |  0
| 388|0x0000000770800000, 0x0000000770a00000, 0x0000000770a00000|100%| O|  |TAMS 0x0000000770800000| PB 0x0000000770800000| Untracked |  0
| 389|0x0000000770a00000, 0x0000000770c00000, 0x0000000770c00000|100%| O|  |TAMS 0x0000000770a00000| PB 0x0000000770a00000| Untracked |  0
| 390|0x0000000770c00000, 0x0000000770e00000, 0x0000000770e00000|100%| O|  |TAMS 0x0000000770c00000| PB 0x0000000770c00000| Untracked |  0
| 391|0x0000000770e00000, 0x0000000771000000, 0x0000000771000000|100%| O|  |TAMS 0x0000000770e00000| PB 0x0000000770e00000| Untracked |  0
| 392|0x0000000771000000, 0x0000000771200000, 0x0000000771200000|100%| O|  |TAMS 0x0000000771000000| PB 0x0000000771000000| Untracked |  0
| 393|0x0000000771200000, 0x0000000771400000, 0x0000000771400000|100%| O|  |TAMS 0x0000000771200000| PB 0x0000000771200000| Untracked |  0
| 394|0x0000000771400000, 0x0000000771600000, 0x0000000771600000|100%| O|  |TAMS 0x0000000771400000| PB 0x0000000771400000| Untracked |  0
| 395|0x0000000771600000, 0x0000000771800000, 0x0000000771800000|100%| O|  |TAMS 0x0000000771600000| PB 0x0000000771600000| Untracked |  0
| 396|0x0000000771800000, 0x0000000771a00000, 0x0000000771a00000|100%| O|  |TAMS 0x0000000771800000| PB 0x0000000771800000| Untracked |  0
| 397|0x0000000771a00000, 0x0000000771c00000, 0x0000000771c00000|100%| O|  |TAMS 0x0000000771a00000| PB 0x0000000771a00000| Untracked |  0
| 398|0x0000000771c00000, 0x0000000771e00000, 0x0000000771e00000|100%| O|  |TAMS 0x0000000771c00000| PB 0x0000000771c00000| Untracked |  0
| 399|0x0000000771e00000, 0x0000000772000000, 0x0000000772000000|100%| O|  |TAMS 0x0000000771e00000| PB 0x0000000771e00000| Untracked |  0
| 400|0x0000000772000000, 0x0000000772200000, 0x0000000772200000|100%| O|  |TAMS 0x0000000772000000| PB 0x0000000772000000| Untracked |  0
| 401|0x0000000772200000, 0x0000000772400000, 0x0000000772400000|100%| O|  |TAMS 0x0000000772200000| PB 0x0000000772200000| Untracked |  0
| 402|0x0000000772400000, 0x0000000772600000, 0x0000000772600000|100%| O|  |TAMS 0x0000000772400000| PB 0x0000000772400000| Untracked |  0
| 403|0x0000000772600000, 0x0000000772800000, 0x0000000772800000|100%| O|  |TAMS 0x0000000772600000| PB 0x0000000772600000| Untracked |  0
| 404|0x0000000772800000, 0x0000000772a00000, 0x0000000772a00000|100%| O|  |TAMS 0x0000000772800000| PB 0x0000000772800000| Untracked |  0
| 405|0x0000000772a00000, 0x0000000772c00000, 0x0000000772c00000|100%| O|  |TAMS 0x0000000772a00000| PB 0x0000000772a00000| Untracked |  0
| 406|0x0000000772c00000, 0x0000000772e00000, 0x0000000772e00000|100%| O|  |TAMS 0x0000000772c00000| PB 0x0000000772c00000| Untracked |  0
| 407|0x0000000772e00000, 0x0000000773000000, 0x0000000773000000|100%| O|  |TAMS 0x0000000772e00000| PB 0x0000000772e00000| Untracked |  0
| 408|0x0000000773000000, 0x0000000773200000, 0x0000000773200000|100%| O|  |TAMS 0x0000000773000000| PB 0x0000000773000000| Untracked |  0
| 409|0x0000000773200000, 0x0000000773400000, 0x0000000773400000|100%| O|  |TAMS 0x0000000773200000| PB 0x0000000773200000| Untracked |  0
| 410|0x0000000773400000, 0x0000000773600000, 0x0000000773600000|100%| O|  |TAMS 0x0000000773400000| PB 0x0000000773400000| Untracked |  0
| 411|0x0000000773600000, 0x0000000773800000, 0x0000000773800000|100%| O|  |TAMS 0x0000000773600000| PB 0x0000000773600000| Untracked |  0
| 412|0x0000000773800000, 0x0000000773a00000, 0x0000000773a00000|100%| O|  |TAMS 0x0000000773800000| PB 0x0000000773800000| Untracked |  0
| 413|0x0000000773a00000, 0x0000000773c00000, 0x0000000773c00000|100%| O|  |TAMS 0x0000000773a00000| PB 0x0000000773a00000| Untracked |  0
| 414|0x0000000773c00000, 0x0000000773e00000, 0x0000000773e00000|100%| O|  |TAMS 0x0000000773c00000| PB 0x0000000773c00000| Untracked |  0
| 415|0x0000000773e00000, 0x0000000774000000, 0x0000000774000000|100%| O|  |TAMS 0x0000000773e00000| PB 0x0000000773e00000| Untracked |  0
| 416|0x0000000774000000, 0x0000000774200000, 0x0000000774200000|100%| O|  |TAMS 0x0000000774000000| PB 0x0000000774000000| Untracked |  0
| 417|0x0000000774200000, 0x0000000774400000, 0x0000000774400000|100%| O|  |TAMS 0x0000000774200000| PB 0x0000000774200000| Untracked |  0
| 418|0x0000000774400000, 0x0000000774600000, 0x0000000774600000|100%| O|  |TAMS 0x0000000774400000| PB 0x0000000774400000| Untracked |  0
| 419|0x0000000774600000, 0x0000000774800000, 0x0000000774800000|100%| O|  |TAMS 0x0000000774600000| PB 0x0000000774600000| Untracked |  0
| 420|0x0000000774800000, 0x0000000774a00000, 0x0000000774a00000|100%| O|  |TAMS 0x0000000774800000| PB 0x0000000774800000| Untracked |  0
| 421|0x0000000774a00000, 0x0000000774c00000, 0x0000000774c00000|100%| O|  |TAMS 0x0000000774a00000| PB 0x0000000774a00000| Untracked |  0
| 422|0x0000000774c00000, 0x0000000774e00000, 0x0000000774e00000|100%| O|  |TAMS 0x0000000774c00000| PB 0x0000000774c00000| Untracked |  0
| 423|0x0000000774e00000, 0x0000000775000000, 0x0000000775000000|100%| O|  |TAMS 0x0000000774e00000| PB 0x0000000774e00000| Untracked |  0
| 424|0x0000000775000000, 0x0000000775200000, 0x0000000775200000|100%| O|  |TAMS 0x0000000775000000| PB 0x0000000775000000| Untracked |  0
| 425|0x0000000775200000, 0x0000000775400000, 0x0000000775400000|100%| O|  |TAMS 0x0000000775200000| PB 0x0000000775200000| Untracked |  0
| 426|0x0000000775400000, 0x0000000775600000, 0x0000000775600000|100%| O|  |TAMS 0x0000000775400000| PB 0x0000000775400000| Untracked |  0
| 427|0x0000000775600000, 0x0000000775800000, 0x0000000775800000|100%| O|  |TAMS 0x0000000775600000| PB 0x0000000775600000| Untracked |  0
| 428|0x0000000775800000, 0x0000000775a00000, 0x0000000775a00000|100%| O|  |TAMS 0x0000000775800000| PB 0x0000000775800000| Untracked |  0
| 429|0x0000000775a00000, 0x0000000775c00000, 0x0000000775c00000|100%| O|  |TAMS 0x0000000775a00000| PB 0x0000000775a00000| Untracked |  0
| 430|0x0000000775c00000, 0x0000000775e00000, 0x0000000775e00000|100%| O|  |TAMS 0x0000000775c00000| PB 0x0000000775c00000| Untracked |  0
| 431|0x0000000775e00000, 0x0000000776000000, 0x0000000776000000|100%| O|  |TAMS 0x0000000775e00000| PB 0x0000000775e00000| Untracked |  0
| 432|0x0000000776000000, 0x0000000776200000, 0x0000000776200000|100%| O|  |TAMS 0x0000000776000000| PB 0x0000000776000000| Untracked |  0
| 433|0x0000000776200000, 0x0000000776400000, 0x0000000776400000|100%| O|  |TAMS 0x0000000776200000| PB 0x0000000776200000| Untracked |  0
| 434|0x0000000776400000, 0x0000000776600000, 0x0000000776600000|100%| O|  |TAMS 0x0000000776400000| PB 0x0000000776400000| Untracked |  0
| 435|0x0000000776600000, 0x0000000776800000, 0x0000000776800000|100%| O|  |TAMS 0x0000000776600000| PB 0x0000000776600000| Untracked |  0
| 436|0x0000000776800000, 0x0000000776a00000, 0x0000000776a00000|100%| O|  |TAMS 0x0000000776800000| PB 0x0000000776800000| Untracked |  0
| 437|0x0000000776a00000, 0x0000000776c00000, 0x0000000776c00000|100%| O|  |TAMS 0x0000000776a00000| PB 0x0000000776a00000| Untracked |  0
| 438|0x0000000776c00000, 0x0000000776e00000, 0x0000000776e00000|100%| O|  |TAMS 0x0000000776c00000| PB 0x0000000776c00000| Untracked |  0
| 439|0x0000000776e00000, 0x0000000777000000, 0x0000000777000000|100%| O|  |TAMS 0x0000000776e00000| PB 0x0000000776e00000| Untracked |  0
| 440|0x0000000777000000, 0x0000000777200000, 0x0000000777200000|100%| O|  |TAMS 0x0000000777000000| PB 0x0000000777000000| Untracked |  0
| 441|0x0000000777200000, 0x0000000777400000, 0x0000000777400000|100%| O|  |TAMS 0x0000000777200000| PB 0x0000000777200000| Untracked |  0
| 442|0x0000000777400000, 0x0000000777600000, 0x0000000777600000|100%| O|  |TAMS 0x0000000777400000| PB 0x0000000777400000| Untracked |  0
| 443|0x0000000777600000, 0x0000000777800000, 0x0000000777800000|100%| O|  |TAMS 0x0000000777600000| PB 0x0000000777600000| Untracked |  0
| 444|0x0000000777800000, 0x0000000777a00000, 0x0000000777a00000|100%| O|  |TAMS 0x0000000777800000| PB 0x0000000777800000| Untracked |  0
| 445|0x0000000777a00000, 0x0000000777c00000, 0x0000000777c00000|100%| O|  |TAMS 0x0000000777a00000| PB 0x0000000777a00000| Untracked |  0
| 446|0x0000000777c00000, 0x0000000777e00000, 0x0000000777e00000|100%| O|  |TAMS 0x0000000777c00000| PB 0x0000000777c00000| Untracked |  0
| 447|0x0000000777e00000, 0x0000000778000000, 0x0000000778000000|100%| O|  |TAMS 0x0000000777e00000| PB 0x0000000777e00000| Untracked |  0
| 448|0x0000000778000000, 0x0000000778200000, 0x0000000778200000|100%| O|  |TAMS 0x0000000778000000| PB 0x0000000778000000| Untracked |  0
| 449|0x0000000778200000, 0x0000000778400000, 0x0000000778400000|100%| O|  |TAMS 0x0000000778200000| PB 0x0000000778200000| Untracked |  0
| 450|0x0000000778400000, 0x0000000778600000, 0x0000000778600000|100%| O|  |TAMS 0x0000000778400000| PB 0x0000000778400000| Untracked |  0
| 451|0x0000000778600000, 0x0000000778800000, 0x0000000778800000|100%| O|  |TAMS 0x0000000778600000| PB 0x0000000778600000| Untracked |  0
| 452|0x0000000778800000, 0x0000000778a00000, 0x0000000778a00000|100%| O|  |TAMS 0x0000000778800000| PB 0x0000000778800000| Untracked |  0
| 453|0x0000000778a00000, 0x0000000778c00000, 0x0000000778c00000|100%| O|  |TAMS 0x0000000778a00000| PB 0x0000000778a00000| Untracked |  0
| 454|0x0000000778c00000, 0x0000000778e00000, 0x0000000778e00000|100%| O|  |TAMS 0x0000000778c00000| PB 0x0000000778c00000| Untracked |  0
| 455|0x0000000778e00000, 0x0000000779000000, 0x0000000779000000|100%| O|  |TAMS 0x0000000778e00000| PB 0x0000000778e00000| Untracked |  0
| 456|0x0000000779000000, 0x0000000779200000, 0x0000000779200000|100%| O|  |TAMS 0x0000000779000000| PB 0x0000000779000000| Untracked |  0
| 457|0x0000000779200000, 0x0000000779400000, 0x0000000779400000|100%| O|  |TAMS 0x0000000779200000| PB 0x0000000779200000| Untracked |  0
| 458|0x0000000779400000, 0x0000000779600000, 0x0000000779600000|100%| O|  |TAMS 0x0000000779400000| PB 0x0000000779400000| Untracked |  0
| 459|0x0000000779600000, 0x0000000779800000, 0x0000000779800000|100%| O|  |TAMS 0x0000000779600000| PB 0x0000000779600000| Untracked |  0
| 460|0x0000000779800000, 0x0000000779a00000, 0x0000000779a00000|100%| O|  |TAMS 0x0000000779800000| PB 0x0000000779800000| Untracked |  0
| 461|0x0000000779a00000, 0x0000000779c00000, 0x0000000779c00000|100%| O|  |TAMS 0x0000000779a00000| PB 0x0000000779a00000| Untracked |  0
| 462|0x0000000779c00000, 0x0000000779e00000, 0x0000000779e00000|100%| O|  |TAMS 0x0000000779c00000| PB 0x0000000779c00000| Untracked |  0
| 463|0x0000000779e00000, 0x000000077a000000, 0x000000077a000000|100%| O|  |TAMS 0x0000000779e00000| PB 0x0000000779e00000| Untracked |  0
| 464|0x000000077a000000, 0x000000077a000000, 0x000000077a200000|  0%| F|  |TAMS 0x000000077a000000| PB 0x000000077a000000| Untracked |  0
| 465|0x000000077a200000, 0x000000077a200000, 0x000000077a400000|  0%| F|  |TAMS 0x000000077a200000| PB 0x000000077a200000| Untracked |  0
| 466|0x000000077a400000, 0x000000077a600000, 0x000000077a600000|100%| O|  |TAMS 0x000000077a400000| PB 0x000000077a400000| Untracked |  0
| 467|0x000000077a600000, 0x000000077a800000, 0x000000077a800000|100%| O|  |TAMS 0x000000077a600000| PB 0x000000077a600000| Untracked |  0
| 468|0x000000077a800000, 0x000000077aa00000, 0x000000077aa00000|100%| O|  |TAMS 0x000000077a800000| PB 0x000000077a800000| Untracked |  0
| 469|0x000000077aa00000, 0x000000077ac00000, 0x000000077ac00000|100%| O|  |TAMS 0x000000077aa00000| PB 0x000000077aa00000| Untracked |  0
| 470|0x000000077ac00000, 0x000000077ae00000, 0x000000077ae00000|100%| O|  |TAMS 0x000000077ac00000| PB 0x000000077ac00000| Untracked |  0
| 471|0x000000077ae00000, 0x000000077b000000, 0x000000077b000000|100%| O|  |TAMS 0x000000077ae00000| PB 0x000000077ae00000| Untracked |  0
| 472|0x000000077b000000, 0x000000077b200000, 0x000000077b200000|100%| O|  |TAMS 0x000000077b000000| PB 0x000000077b000000| Untracked |  0
| 473|0x000000077b200000, 0x000000077b400000, 0x000000077b400000|100%| O|  |TAMS 0x000000077b200000| PB 0x000000077b200000| Untracked |  0
| 474|0x000000077b400000, 0x000000077b600000, 0x000000077b600000|100%| O|  |TAMS 0x000000077b400000| PB 0x000000077b400000| Untracked |  0
| 475|0x000000077b600000, 0x000000077b800000, 0x000000077b800000|100%| O|  |TAMS 0x000000077b600000| PB 0x000000077b600000| Untracked |  0
| 476|0x000000077b800000, 0x000000077ba00000, 0x000000077ba00000|100%| O|  |TAMS 0x000000077b800000| PB 0x000000077b800000| Untracked |  0
| 477|0x000000077ba00000, 0x000000077bc00000, 0x000000077bc00000|100%| O|  |TAMS 0x000000077ba00000| PB 0x000000077ba00000| Untracked |  0
| 478|0x000000077bc00000, 0x000000077be00000, 0x000000077be00000|100%| O|  |TAMS 0x000000077bc00000| PB 0x000000077bc00000| Untracked |  0
| 479|0x000000077be00000, 0x000000077c000000, 0x000000077c000000|100%| O|  |TAMS 0x000000077be00000| PB 0x000000077be00000| Untracked |  0
| 480|0x000000077c000000, 0x000000077c200000, 0x000000077c200000|100%| O|  |TAMS 0x000000077c000000| PB 0x000000077c000000| Untracked |  0
| 481|0x000000077c200000, 0x000000077c400000, 0x000000077c400000|100%| O|  |TAMS 0x000000077c200000| PB 0x000000077c200000| Untracked |  0
| 482|0x000000077c400000, 0x000000077c600000, 0x000000077c600000|100%| O|  |TAMS 0x000000077c400000| PB 0x000000077c400000| Untracked |  0
| 483|0x000000077c600000, 0x000000077c800000, 0x000000077c800000|100%| O|  |TAMS 0x000000077c600000| PB 0x000000077c600000| Untracked |  0
| 484|0x000000077c800000, 0x000000077ca00000, 0x000000077ca00000|100%| O|  |TAMS 0x000000077c800000| PB 0x000000077c800000| Untracked |  0
| 485|0x000000077ca00000, 0x000000077cc00000, 0x000000077cc00000|100%| O|  |TAMS 0x000000077ca00000| PB 0x000000077ca00000| Untracked |  0
| 486|0x000000077cc00000, 0x000000077ce00000, 0x000000077ce00000|100%| O|  |TAMS 0x000000077cc00000| PB 0x000000077cc00000| Untracked |  0
| 487|0x000000077ce00000, 0x000000077d000000, 0x000000077d000000|100%| O|  |TAMS 0x000000077ce00000| PB 0x000000077ce00000| Untracked |  0
| 488|0x000000077d000000, 0x000000077d200000, 0x000000077d200000|100%| O|  |TAMS 0x000000077d000000| PB 0x000000077d000000| Untracked |  0
| 489|0x000000077d200000, 0x000000077d400000, 0x000000077d400000|100%| O|  |TAMS 0x000000077d200000| PB 0x000000077d200000| Untracked |  0
| 490|0x000000077d400000, 0x000000077d600000, 0x000000077d600000|100%| O|  |TAMS 0x000000077d400000| PB 0x000000077d400000| Untracked |  0
| 491|0x000000077d600000, 0x000000077d800000, 0x000000077d800000|100%| O|  |TAMS 0x000000077d600000| PB 0x000000077d600000| Untracked |  0
| 492|0x000000077d800000, 0x000000077da00000, 0x000000077da00000|100%| O|  |TAMS 0x000000077d800000| PB 0x000000077d800000| Untracked |  0
| 493|0x000000077da00000, 0x000000077dc00000, 0x000000077dc00000|100%| O|  |TAMS 0x000000077da00000| PB 0x000000077da00000| Untracked |  0
| 494|0x000000077dc00000, 0x000000077de00000, 0x000000077de00000|100%| O|  |TAMS 0x000000077dc00000| PB 0x000000077dc00000| Untracked |  0
| 495|0x000000077de00000, 0x000000077e000000, 0x000000077e000000|100%| O|  |TAMS 0x000000077de00000| PB 0x000000077de00000| Untracked |  0
| 496|0x000000077e000000, 0x000000077e200000, 0x000000077e200000|100%| O|  |TAMS 0x000000077e000000| PB 0x000000077e000000| Untracked |  0
| 497|0x000000077e200000, 0x000000077e400000, 0x000000077e400000|100%| O|  |TAMS 0x000000077e200000| PB 0x000000077e200000| Untracked |  0
| 498|0x000000077e400000, 0x000000077e600000, 0x000000077e600000|100%| O|  |TAMS 0x000000077e400000| PB 0x000000077e400000| Untracked |  0
| 499|0x000000077e600000, 0x000000077e800000, 0x000000077e800000|100%| O|  |TAMS 0x000000077e600000| PB 0x000000077e600000| Untracked |  0
| 500|0x000000077e800000, 0x000000077e800000, 0x000000077ea00000|  0%| F|  |TAMS 0x000000077e800000| PB 0x000000077e800000| Untracked |  0
| 501|0x000000077ea00000, 0x000000077ea00000, 0x000000077ec00000|  0%| F|  |TAMS 0x000000077ea00000| PB 0x000000077ea00000| Untracked |  0
| 502|0x000000077ec00000, 0x000000077ee00000, 0x000000077ee00000|100%| O|  |TAMS 0x000000077ec00000| PB 0x000000077ec00000| Untracked |  0
| 503|0x000000077ee00000, 0x000000077ee00000, 0x000000077f000000|  0%| F|  |TAMS 0x000000077ee00000| PB 0x000000077ee00000| Untracked |  0
| 504|0x000000077f000000, 0x000000077f000000, 0x000000077f200000|  0%| F|  |TAMS 0x000000077f000000| PB 0x000000077f000000| Untracked |  0
| 505|0x000000077f200000, 0x000000077f400000, 0x000000077f400000|100%| O|  |TAMS 0x000000077f200000| PB 0x000000077f200000| Untracked |  0
| 506|0x000000077f400000, 0x000000077f600000, 0x000000077f600000|100%| O|  |TAMS 0x000000077f400000| PB 0x000000077f400000| Untracked |  0
| 507|0x000000077f600000, 0x000000077f800000, 0x000000077f800000|100%| O|  |TAMS 0x000000077f600000| PB 0x000000077f600000| Untracked |  0
| 508|0x000000077f800000, 0x000000077fa00000, 0x000000077fa00000|100%| O|  |TAMS 0x000000077f800000| PB 0x000000077f800000| Untracked |  0
| 509|0x000000077fa00000, 0x000000077fc00000, 0x000000077fc00000|100%| O|  |TAMS 0x000000077fa00000| PB 0x000000077fa00000| Untracked |  0
| 510|0x000000077fc00000, 0x000000077fe00000, 0x000000077fe00000|100%| O|  |TAMS 0x000000077fc00000| PB 0x000000077fc00000| Untracked |  0
| 511|0x000000077fe00000, 0x0000000780000000, 0x0000000780000000|100%| O|  |TAMS 0x000000077fe00000| PB 0x000000077fe00000| Untracked |  0
| 512|0x0000000780000000, 0x0000000780200000, 0x0000000780200000|100%| O|  |TAMS 0x0000000780000000| PB 0x0000000780000000| Untracked |  0
| 513|0x0000000780200000, 0x0000000780200000, 0x0000000780400000|  0%| F|  |TAMS 0x0000000780200000| PB 0x0000000780200000| Untracked |  0
| 514|0x0000000780400000, 0x0000000780400000, 0x0000000780600000|  0%| F|  |TAMS 0x0000000780400000| PB 0x0000000780400000| Untracked |  0
| 515|0x0000000780600000, 0x0000000780800000, 0x0000000780800000|100%|HS|  |TAMS 0x0000000780600000| PB 0x0000000780600000| Complete |  0
| 516|0x0000000780800000, 0x0000000780a00000, 0x0000000780a00000|100%|HC|  |TAMS 0x0000000780800000| PB 0x0000000780800000| Complete |  0
| 517|0x0000000780a00000, 0x0000000780c00000, 0x0000000780c00000|100%|HC|  |TAMS 0x0000000780a00000| PB 0x0000000780a00000| Complete |  0
| 518|0x0000000780c00000, 0x0000000780e00000, 0x0000000780e00000|100%|HC|  |TAMS 0x0000000780c00000| PB 0x0000000780c00000| Complete |  0
| 519|0x0000000780e00000, 0x0000000781000000, 0x0000000781000000|100%|HC|  |TAMS 0x0000000780e00000| PB 0x0000000780e00000| Complete |  0
| 520|0x0000000781000000, 0x0000000781200000, 0x0000000781200000|100%| O|  |TAMS 0x0000000781000000| PB 0x0000000781000000| Untracked |  0
| 521|0x0000000781200000, 0x0000000781400000, 0x0000000781400000|100%| O|  |TAMS 0x0000000781200000| PB 0x0000000781200000| Untracked |  0
| 522|0x0000000781400000, 0x0000000781600000, 0x0000000781600000|100%| O|  |TAMS 0x0000000781400000| PB 0x0000000781400000| Untracked |  0
| 523|0x0000000781600000, 0x0000000781800000, 0x0000000781800000|100%| O|  |TAMS 0x0000000781600000| PB 0x0000000781600000| Untracked |  0
| 524|0x0000000781800000, 0x0000000781a00000, 0x0000000781a00000|100%| O|  |TAMS 0x0000000781800000| PB 0x0000000781800000| Untracked |  0
| 525|0x0000000781a00000, 0x0000000781c00000, 0x0000000781c00000|100%| O|  |TAMS 0x0000000781a00000| PB 0x0000000781a00000| Untracked |  0
| 526|0x0000000781c00000, 0x0000000781e00000, 0x0000000781e00000|100%| O|  |TAMS 0x0000000781c00000| PB 0x0000000781c00000| Untracked |  0
| 527|0x0000000781e00000, 0x0000000782000000, 0x0000000782000000|100%| O|  |TAMS 0x0000000781e00000| PB 0x0000000781e00000| Untracked |  0
| 528|0x0000000782000000, 0x0000000782200000, 0x0000000782200000|100%| O|  |TAMS 0x0000000782000000| PB 0x0000000782000000| Untracked |  0
| 529|0x0000000782200000, 0x0000000782400000, 0x0000000782400000|100%| O|  |TAMS 0x0000000782200000| PB 0x0000000782200000| Untracked |  0
| 530|0x0000000782400000, 0x0000000782600000, 0x0000000782600000|100%| O|  |TAMS 0x0000000782400000| PB 0x0000000782400000| Untracked |  0
| 531|0x0000000782600000, 0x0000000782800000, 0x0000000782800000|100%| O|  |TAMS 0x0000000782600000| PB 0x0000000782600000| Untracked |  0
| 532|0x0000000782800000, 0x0000000782a00000, 0x0000000782a00000|100%| O|  |TAMS 0x0000000782800000| PB 0x0000000782800000| Untracked |  0
| 533|0x0000000782a00000, 0x0000000782c00000, 0x0000000782c00000|100%| O|  |TAMS 0x0000000782a00000| PB 0x0000000782a00000| Untracked |  0
| 534|0x0000000782c00000, 0x0000000782e00000, 0x0000000782e00000|100%| O|  |TAMS 0x0000000782c00000| PB 0x0000000782c00000| Untracked |  0
| 535|0x0000000782e00000, 0x0000000783000000, 0x0000000783000000|100%| O|  |TAMS 0x0000000782e00000| PB 0x0000000782e00000| Untracked |  0
| 536|0x0000000783000000, 0x0000000783200000, 0x0000000783200000|100%| O|  |TAMS 0x0000000783000000| PB 0x0000000783000000| Untracked |  0
| 537|0x0000000783200000, 0x0000000783400000, 0x0000000783400000|100%| O|  |TAMS 0x0000000783200000| PB 0x0000000783200000| Untracked |  0
| 538|0x0000000783400000, 0x0000000783600000, 0x0000000783600000|100%| O|  |TAMS 0x0000000783400000| PB 0x0000000783400000| Untracked |  0
| 539|0x0000000783600000, 0x0000000783800000, 0x0000000783800000|100%| O|  |TAMS 0x0000000783600000| PB 0x0000000783600000| Untracked |  0
| 540|0x0000000783800000, 0x0000000783a00000, 0x0000000783a00000|100%| O|  |TAMS 0x0000000783800000| PB 0x0000000783800000| Untracked |  0
| 541|0x0000000783a00000, 0x0000000783c00000, 0x0000000783c00000|100%| O|  |TAMS 0x0000000783a00000| PB 0x0000000783a00000| Untracked |  0
| 542|0x0000000783c00000, 0x0000000783e00000, 0x0000000783e00000|100%| O|  |TAMS 0x0000000783c00000| PB 0x0000000783c00000| Untracked |  0
| 543|0x0000000783e00000, 0x0000000784000000, 0x0000000784000000|100%| O|  |TAMS 0x0000000783e00000| PB 0x0000000783e00000| Untracked |  0
| 544|0x0000000784000000, 0x0000000784200000, 0x0000000784200000|100%| O|  |TAMS 0x0000000784000000| PB 0x0000000784000000| Untracked |  0
| 545|0x0000000784200000, 0x0000000784400000, 0x0000000784400000|100%| O|  |TAMS 0x0000000784200000| PB 0x0000000784200000| Untracked |  0
| 546|0x0000000784400000, 0x0000000784600000, 0x0000000784600000|100%| O|  |TAMS 0x0000000784400000| PB 0x0000000784400000| Untracked |  0
| 547|0x0000000784600000, 0x0000000784800000, 0x0000000784800000|100%| O|  |TAMS 0x0000000784600000| PB 0x0000000784600000| Untracked |  0
| 548|0x0000000784800000, 0x0000000784a00000, 0x0000000784a00000|100%| O|  |TAMS 0x0000000784800000| PB 0x0000000784800000| Untracked |  0
| 549|0x0000000784a00000, 0x0000000784c00000, 0x0000000784c00000|100%| O|  |TAMS 0x0000000784a00000| PB 0x0000000784a00000| Untracked |  0
| 550|0x0000000784c00000, 0x0000000784e00000, 0x0000000784e00000|100%| O|  |TAMS 0x0000000784c00000| PB 0x0000000784c00000| Untracked |  0
| 551|0x0000000784e00000, 0x0000000785000000, 0x0000000785000000|100%| O|  |TAMS 0x0000000784e00000| PB 0x0000000784e00000| Untracked |  0
| 552|0x0000000785000000, 0x0000000785200000, 0x0000000785200000|100%| O|  |TAMS 0x0000000785000000| PB 0x0000000785000000| Untracked |  0
| 553|0x0000000785200000, 0x0000000785400000, 0x0000000785400000|100%| O|  |TAMS 0x0000000785200000| PB 0x0000000785200000| Untracked |  0
| 554|0x0000000785400000, 0x0000000785600000, 0x0000000785600000|100%| O|  |TAMS 0x0000000785400000| PB 0x0000000785400000| Untracked |  0
| 555|0x0000000785600000, 0x0000000785800000, 0x0000000785800000|100%| O|  |TAMS 0x0000000785600000| PB 0x0000000785600000| Untracked |  0
| 556|0x0000000785800000, 0x0000000785a00000, 0x0000000785a00000|100%| O|  |TAMS 0x0000000785800000| PB 0x0000000785800000| Untracked |  0
| 557|0x0000000785a00000, 0x0000000785c00000, 0x0000000785c00000|100%| O|  |TAMS 0x0000000785a00000| PB 0x0000000785a00000| Untracked |  0
| 558|0x0000000785c00000, 0x0000000785e00000, 0x0000000785e00000|100%| O|  |TAMS 0x0000000785c00000| PB 0x0000000785c00000| Untracked |  0
| 559|0x0000000785e00000, 0x0000000786000000, 0x0000000786000000|100%| O|  |TAMS 0x0000000785e00000| PB 0x0000000785e00000| Untracked |  0
| 560|0x0000000786000000, 0x0000000786200000, 0x0000000786200000|100%| O|  |TAMS 0x0000000786000000| PB 0x0000000786000000| Untracked |  0
| 561|0x0000000786200000, 0x0000000786400000, 0x0000000786400000|100%| O|  |TAMS 0x0000000786200000| PB 0x0000000786200000| Untracked |  0
| 562|0x0000000786400000, 0x0000000786600000, 0x0000000786600000|100%| O|  |TAMS 0x0000000786400000| PB 0x0000000786400000| Untracked |  0
| 563|0x0000000786600000, 0x0000000786800000, 0x0000000786800000|100%| O|  |TAMS 0x0000000786600000| PB 0x0000000786600000| Untracked |  0
| 564|0x0000000786800000, 0x0000000786a00000, 0x0000000786a00000|100%| O|  |TAMS 0x0000000786800000| PB 0x0000000786800000| Untracked |  0
| 565|0x0000000786a00000, 0x0000000786c00000, 0x0000000786c00000|100%| O|  |TAMS 0x0000000786a00000| PB 0x0000000786a00000| Untracked |  0
| 566|0x0000000786c00000, 0x0000000786e00000, 0x0000000786e00000|100%| O|  |TAMS 0x0000000786c00000| PB 0x0000000786c00000| Untracked |  0
| 567|0x0000000786e00000, 0x0000000787000000, 0x0000000787000000|100%| O|  |TAMS 0x0000000786e00000| PB 0x0000000786e00000| Untracked |  0
| 568|0x0000000787000000, 0x0000000787200000, 0x0000000787200000|100%| O|  |TAMS 0x0000000787000000| PB 0x0000000787000000| Untracked |  0
| 569|0x0000000787200000, 0x0000000787400000, 0x0000000787400000|100%| O|  |TAMS 0x0000000787200000| PB 0x0000000787200000| Untracked |  0
| 570|0x0000000787400000, 0x0000000787600000, 0x0000000787600000|100%| O|  |TAMS 0x0000000787400000| PB 0x0000000787400000| Untracked |  0
| 571|0x0000000787600000, 0x0000000787800000, 0x0000000787800000|100%| O|  |TAMS 0x0000000787600000| PB 0x0000000787600000| Untracked |  0
| 572|0x0000000787800000, 0x0000000787a00000, 0x0000000787a00000|100%| O|  |TAMS 0x0000000787800000| PB 0x0000000787800000| Untracked |  0
| 573|0x0000000787a00000, 0x0000000787c00000, 0x0000000787c00000|100%| O|  |TAMS 0x0000000787a00000| PB 0x0000000787a00000| Untracked |  0
| 574|0x0000000787c00000, 0x0000000787e00000, 0x0000000787e00000|100%| O|  |TAMS 0x0000000787c00000| PB 0x0000000787c00000| Untracked |  0
| 575|0x0000000787e00000, 0x0000000788000000, 0x0000000788000000|100%| O|  |TAMS 0x0000000787e00000| PB 0x0000000787e00000| Untracked |  0
| 576|0x0000000788000000, 0x0000000788200000, 0x0000000788200000|100%| O|  |TAMS 0x0000000788000000| PB 0x0000000788000000| Untracked |  0
| 577|0x0000000788200000, 0x0000000788400000, 0x0000000788400000|100%| O|  |TAMS 0x0000000788200000| PB 0x0000000788200000| Untracked |  0
| 578|0x0000000788400000, 0x0000000788600000, 0x0000000788600000|100%| O|  |TAMS 0x0000000788400000| PB 0x0000000788400000| Untracked |  0
| 579|0x0000000788600000, 0x0000000788800000, 0x0000000788800000|100%| O|  |TAMS 0x0000000788600000| PB 0x0000000788600000| Untracked |  0
| 580|0x0000000788800000, 0x0000000788a00000, 0x0000000788a00000|100%| O|  |TAMS 0x0000000788800000| PB 0x0000000788800000| Untracked |  0
| 581|0x0000000788a00000, 0x0000000788c00000, 0x0000000788c00000|100%| O|  |TAMS 0x0000000788a00000| PB 0x0000000788a00000| Untracked |  0
| 582|0x0000000788c00000, 0x0000000788e00000, 0x0000000788e00000|100%| O|  |TAMS 0x0000000788c00000| PB 0x0000000788c00000| Untracked |  0
| 583|0x0000000788e00000, 0x0000000789000000, 0x0000000789000000|100%| O|  |TAMS 0x0000000788e00000| PB 0x0000000788e00000| Untracked |  0
| 584|0x0000000789000000, 0x0000000789200000, 0x0000000789200000|100%| O|  |TAMS 0x0000000789000000| PB 0x0000000789000000| Untracked |  0
| 585|0x0000000789200000, 0x0000000789400000, 0x0000000789400000|100%| O|  |TAMS 0x0000000789200000| PB 0x0000000789200000| Untracked |  0
| 586|0x0000000789400000, 0x0000000789600000, 0x0000000789600000|100%| O|  |TAMS 0x0000000789400000| PB 0x0000000789400000| Untracked |  0
| 587|0x0000000789600000, 0x0000000789800000, 0x0000000789800000|100%| O|  |TAMS 0x0000000789600000| PB 0x0000000789600000| Untracked |  0
| 588|0x0000000789800000, 0x0000000789a00000, 0x0000000789a00000|100%| O|  |TAMS 0x0000000789800000| PB 0x0000000789800000| Untracked |  0
| 589|0x0000000789a00000, 0x0000000789c00000, 0x0000000789c00000|100%| O|  |TAMS 0x0000000789a00000| PB 0x0000000789a00000| Untracked |  0
| 590|0x0000000789c00000, 0x0000000789e00000, 0x0000000789e00000|100%| O|  |TAMS 0x0000000789c00000| PB 0x0000000789c00000| Untracked |  0
| 591|0x0000000789e00000, 0x000000078a000000, 0x000000078a000000|100%| O|  |TAMS 0x0000000789e00000| PB 0x0000000789e00000| Untracked |  0
| 592|0x000000078a000000, 0x000000078a200000, 0x000000078a200000|100%| O|  |TAMS 0x000000078a000000| PB 0x000000078a000000| Untracked |  0
| 593|0x000000078a200000, 0x000000078a400000, 0x000000078a400000|100%| O|  |TAMS 0x000000078a200000| PB 0x000000078a200000| Untracked |  0
| 594|0x000000078a400000, 0x000000078a600000, 0x000000078a600000|100%| O|  |TAMS 0x000000078a400000| PB 0x000000078a400000| Untracked |  0
| 595|0x000000078a600000, 0x000000078a800000, 0x000000078a800000|100%| O|  |TAMS 0x000000078a600000| PB 0x000000078a600000| Untracked |  0
| 596|0x000000078a800000, 0x000000078aa00000, 0x000000078aa00000|100%| O|  |TAMS 0x000000078a800000| PB 0x000000078a800000| Untracked |  0
| 597|0x000000078aa00000, 0x000000078ac00000, 0x000000078ac00000|100%| O|  |TAMS 0x000000078aa00000| PB 0x000000078aa00000| Untracked |  0
| 598|0x000000078ac00000, 0x000000078ae00000, 0x000000078ae00000|100%| O|  |TAMS 0x000000078ac00000| PB 0x000000078ac00000| Untracked |  0
| 599|0x000000078ae00000, 0x000000078b000000, 0x000000078b000000|100%| O|  |TAMS 0x000000078ae00000| PB 0x000000078ae00000| Untracked |  0
| 600|0x000000078b000000, 0x000000078b200000, 0x000000078b200000|100%| O|  |TAMS 0x000000078b000000| PB 0x000000078b000000| Untracked |  0
| 601|0x000000078b200000, 0x000000078b400000, 0x000000078b400000|100%| O|  |TAMS 0x000000078b200000| PB 0x000000078b200000| Untracked |  0
| 602|0x000000078b400000, 0x000000078b600000, 0x000000078b600000|100%| O|  |TAMS 0x000000078b400000| PB 0x000000078b400000| Untracked |  0
| 603|0x000000078b600000, 0x000000078b800000, 0x000000078b800000|100%| O|  |TAMS 0x000000078b600000| PB 0x000000078b600000| Untracked |  0
| 604|0x000000078b800000, 0x000000078ba00000, 0x000000078ba00000|100%| O|  |TAMS 0x000000078b800000| PB 0x000000078b800000| Untracked |  0
| 605|0x000000078ba00000, 0x000000078bc00000, 0x000000078bc00000|100%| O|  |TAMS 0x000000078ba00000| PB 0x000000078ba00000| Untracked |  0
| 606|0x000000078bc00000, 0x000000078be00000, 0x000000078be00000|100%| O|  |TAMS 0x000000078bc00000| PB 0x000000078bc00000| Untracked |  0
| 607|0x000000078be00000, 0x000000078c000000, 0x000000078c000000|100%| O|  |TAMS 0x000000078be00000| PB 0x000000078be00000| Untracked |  0
| 608|0x000000078c000000, 0x000000078c200000, 0x000000078c200000|100%| O|  |TAMS 0x000000078c000000| PB 0x000000078c000000| Untracked |  0
| 609|0x000000078c200000, 0x000000078c400000, 0x000000078c400000|100%| O|  |TAMS 0x000000078c200000| PB 0x000000078c200000| Untracked |  0
| 610|0x000000078c400000, 0x000000078c600000, 0x000000078c600000|100%| O|  |TAMS 0x000000078c400000| PB 0x000000078c400000| Untracked |  0
| 611|0x000000078c600000, 0x000000078c800000, 0x000000078c800000|100%| O|  |TAMS 0x000000078c600000| PB 0x000000078c600000| Untracked |  0
| 612|0x000000078c800000, 0x000000078ca00000, 0x000000078ca00000|100%| O|  |TAMS 0x000000078c800000| PB 0x000000078c800000| Untracked |  0
| 613|0x000000078ca00000, 0x000000078cc00000, 0x000000078cc00000|100%| O|  |TAMS 0x000000078ca00000| PB 0x000000078ca00000| Untracked |  0
| 614|0x000000078cc00000, 0x000000078ce00000, 0x000000078ce00000|100%| O|  |TAMS 0x000000078cc00000| PB 0x000000078cc00000| Untracked |  0
| 615|0x000000078ce00000, 0x000000078d000000, 0x000000078d000000|100%| O|  |TAMS 0x000000078ce00000| PB 0x000000078ce00000| Untracked |  0
| 616|0x000000078d000000, 0x000000078d200000, 0x000000078d200000|100%| O|  |TAMS 0x000000078d000000| PB 0x000000078d000000| Untracked |  0
| 617|0x000000078d200000, 0x000000078d400000, 0x000000078d400000|100%| O|  |TAMS 0x000000078d200000| PB 0x000000078d200000| Untracked |  0
| 618|0x000000078d400000, 0x000000078d600000, 0x000000078d600000|100%| O|  |TAMS 0x000000078d400000| PB 0x000000078d400000| Untracked |  0
| 619|0x000000078d600000, 0x000000078d800000, 0x000000078d800000|100%| O|  |TAMS 0x000000078d600000| PB 0x000000078d600000| Untracked |  0
| 620|0x000000078d800000, 0x000000078da00000, 0x000000078da00000|100%| O|  |TAMS 0x000000078d800000| PB 0x000000078d800000| Untracked |  0
| 621|0x000000078da00000, 0x000000078dc00000, 0x000000078dc00000|100%| O|  |TAMS 0x000000078da00000| PB 0x000000078da00000| Untracked |  0
| 622|0x000000078dc00000, 0x000000078de00000, 0x000000078de00000|100%| O|  |TAMS 0x000000078dc00000| PB 0x000000078dc00000| Untracked |  0
| 623|0x000000078de00000, 0x000000078e000000, 0x000000078e000000|100%| O|  |TAMS 0x000000078de00000| PB 0x000000078de00000| Untracked |  0
| 624|0x000000078e000000, 0x000000078e200000, 0x000000078e200000|100%| O|  |TAMS 0x000000078e000000| PB 0x000000078e000000| Untracked |  0
| 625|0x000000078e200000, 0x000000078e400000, 0x000000078e400000|100%| O|  |TAMS 0x000000078e200000| PB 0x000000078e200000| Untracked |  0
| 626|0x000000078e400000, 0x000000078e600000, 0x000000078e600000|100%| O|  |TAMS 0x000000078e400000| PB 0x000000078e400000| Untracked |  0
| 627|0x000000078e600000, 0x000000078e800000, 0x000000078e800000|100%| O|  |TAMS 0x000000078e600000| PB 0x000000078e600000| Untracked |  0
| 628|0x000000078e800000, 0x000000078ea00000, 0x000000078ea00000|100%| O|  |TAMS 0x000000078e800000| PB 0x000000078e800000| Untracked |  0
| 629|0x000000078ea00000, 0x000000078ec00000, 0x000000078ec00000|100%| O|  |TAMS 0x000000078ea00000| PB 0x000000078ea00000| Untracked |  0
| 630|0x000000078ec00000, 0x000000078ee00000, 0x000000078ee00000|100%| O|  |TAMS 0x000000078ec00000| PB 0x000000078ec00000| Untracked |  0
| 631|0x000000078ee00000, 0x000000078f000000, 0x000000078f000000|100%| O|  |TAMS 0x000000078ee00000| PB 0x000000078ee00000| Untracked |  0
| 632|0x000000078f000000, 0x000000078f200000, 0x000000078f200000|100%| O|  |TAMS 0x000000078f000000| PB 0x000000078f000000| Untracked |  0
| 633|0x000000078f200000, 0x000000078f400000, 0x000000078f400000|100%| O|  |TAMS 0x000000078f200000| PB 0x000000078f200000| Untracked |  0
| 634|0x000000078f400000, 0x000000078f600000, 0x000000078f600000|100%| O|  |TAMS 0x000000078f400000| PB 0x000000078f400000| Untracked |  0
| 635|0x000000078f600000, 0x000000078f800000, 0x000000078f800000|100%| O|  |TAMS 0x000000078f600000| PB 0x000000078f600000| Untracked |  0
| 636|0x000000078f800000, 0x000000078fa00000, 0x000000078fa00000|100%| O|  |TAMS 0x000000078f800000| PB 0x000000078f800000| Untracked |  0
| 637|0x000000078fa00000, 0x000000078fc00000, 0x000000078fc00000|100%| O|  |TAMS 0x000000078fa00000| PB 0x000000078fa00000| Untracked |  0
| 638|0x000000078fc00000, 0x000000078fe00000, 0x000000078fe00000|100%| O|  |TAMS 0x000000078fc00000| PB 0x000000078fc00000| Untracked |  0
| 639|0x000000078fe00000, 0x0000000790000000, 0x0000000790000000|100%| O|  |TAMS 0x000000078fe00000| PB 0x000000078fe00000| Untracked |  0
| 640|0x0000000790000000, 0x0000000790200000, 0x0000000790200000|100%| O|  |TAMS 0x0000000790000000| PB 0x0000000790000000| Untracked |  0
| 641|0x0000000790200000, 0x0000000790400000, 0x0000000790400000|100%| O|  |TAMS 0x0000000790200000| PB 0x0000000790200000| Untracked |  0
| 642|0x0000000790400000, 0x0000000790600000, 0x0000000790600000|100%| O|  |TAMS 0x0000000790400000| PB 0x0000000790400000| Untracked |  0
| 643|0x0000000790600000, 0x0000000790800000, 0x0000000790800000|100%| O|  |TAMS 0x0000000790600000| PB 0x0000000790600000| Untracked |  0
| 644|0x0000000790800000, 0x0000000790a00000, 0x0000000790a00000|100%| O|  |TAMS 0x0000000790800000| PB 0x0000000790800000| Untracked |  0
| 645|0x0000000790a00000, 0x0000000790c00000, 0x0000000790c00000|100%| O|  |TAMS 0x0000000790a00000| PB 0x0000000790a00000| Untracked |  0
| 646|0x0000000790c00000, 0x0000000790e00000, 0x0000000790e00000|100%| O|  |TAMS 0x0000000790c00000| PB 0x0000000790c00000| Untracked |  0
| 647|0x0000000790e00000, 0x0000000791000000, 0x0000000791000000|100%| O|  |TAMS 0x0000000790e00000| PB 0x0000000790e00000| Untracked |  0
| 648|0x0000000791000000, 0x0000000791200000, 0x0000000791200000|100%| O|  |TAMS 0x0000000791000000| PB 0x0000000791000000| Untracked |  0
| 649|0x0000000791200000, 0x0000000791400000, 0x0000000791400000|100%| O|  |TAMS 0x0000000791200000| PB 0x0000000791200000| Untracked |  0
| 650|0x0000000791400000, 0x0000000791600000, 0x0000000791600000|100%| O|  |TAMS 0x0000000791400000| PB 0x0000000791400000| Untracked |  0
| 651|0x0000000791600000, 0x0000000791800000, 0x0000000791800000|100%| O|  |TAMS 0x0000000791600000| PB 0x0000000791600000| Untracked |  0
| 652|0x0000000791800000, 0x0000000791a00000, 0x0000000791a00000|100%| O|  |TAMS 0x0000000791800000| PB 0x0000000791800000| Untracked |  0
| 653|0x0000000791a00000, 0x0000000791c00000, 0x0000000791c00000|100%| O|  |TAMS 0x0000000791a00000| PB 0x0000000791a00000| Untracked |  0
| 654|0x0000000791c00000, 0x0000000791e00000, 0x0000000791e00000|100%| O|  |TAMS 0x0000000791c00000| PB 0x0000000791c00000| Untracked |  0
| 655|0x0000000791e00000, 0x0000000792000000, 0x0000000792000000|100%| O|  |TAMS 0x0000000791e00000| PB 0x0000000791e00000| Untracked |  0
| 656|0x0000000792000000, 0x0000000792200000, 0x0000000792200000|100%| O|  |TAMS 0x0000000792000000| PB 0x0000000792000000| Untracked |  0
| 657|0x0000000792200000, 0x0000000792400000, 0x0000000792400000|100%| O|  |TAMS 0x0000000792200000| PB 0x0000000792200000| Untracked |  0
| 658|0x0000000792400000, 0x0000000792600000, 0x0000000792600000|100%| O|  |TAMS 0x0000000792400000| PB 0x0000000792400000| Untracked |  0
| 659|0x0000000792600000, 0x0000000792800000, 0x0000000792800000|100%| O|  |TAMS 0x0000000792600000| PB 0x0000000792600000| Untracked |  0
| 660|0x0000000792800000, 0x0000000792a00000, 0x0000000792a00000|100%| O|  |TAMS 0x0000000792800000| PB 0x0000000792800000| Untracked |  0
| 661|0x0000000792a00000, 0x0000000792c00000, 0x0000000792c00000|100%| O|  |TAMS 0x0000000792a00000| PB 0x0000000792a00000| Untracked |  0
| 662|0x0000000792c00000, 0x0000000792e00000, 0x0000000792e00000|100%| O|  |TAMS 0x0000000792c00000| PB 0x0000000792c00000| Untracked |  0
| 663|0x0000000792e00000, 0x0000000793000000, 0x0000000793000000|100%| O|  |TAMS 0x0000000792e00000| PB 0x0000000792e00000| Untracked |  0
| 664|0x0000000793000000, 0x0000000793200000, 0x0000000793200000|100%| O|  |TAMS 0x0000000793000000| PB 0x0000000793000000| Untracked |  0
| 665|0x0000000793200000, 0x0000000793400000, 0x0000000793400000|100%| O|  |TAMS 0x0000000793200000| PB 0x0000000793200000| Untracked |  0
| 666|0x0000000793400000, 0x0000000793600000, 0x0000000793600000|100%| O|  |TAMS 0x0000000793400000| PB 0x0000000793400000| Untracked |  0
| 667|0x0000000793600000, 0x0000000793800000, 0x0000000793800000|100%| O|  |TAMS 0x0000000793600000| PB 0x0000000793600000| Untracked |  0
| 668|0x0000000793800000, 0x0000000793a00000, 0x0000000793a00000|100%| O|  |TAMS 0x0000000793800000| PB 0x0000000793800000| Untracked |  0
| 669|0x0000000793a00000, 0x0000000793c00000, 0x0000000793c00000|100%| O|  |TAMS 0x0000000793a00000| PB 0x0000000793a00000| Untracked |  0
| 670|0x0000000793c00000, 0x0000000793e00000, 0x0000000793e00000|100%| O|  |TAMS 0x0000000793c00000| PB 0x0000000793c00000| Untracked |  0
| 671|0x0000000793e00000, 0x0000000794000000, 0x0000000794000000|100%| O|  |TAMS 0x0000000793e00000| PB 0x0000000793e00000| Untracked |  0
| 672|0x0000000794000000, 0x0000000794200000, 0x0000000794200000|100%| O|  |TAMS 0x0000000794000000| PB 0x0000000794000000| Untracked |  0
| 673|0x0000000794200000, 0x0000000794400000, 0x0000000794400000|100%| O|  |TAMS 0x0000000794200000| PB 0x0000000794200000| Untracked |  0
| 674|0x0000000794400000, 0x0000000794600000, 0x0000000794600000|100%| O|  |TAMS 0x0000000794400000| PB 0x0000000794400000| Untracked |  0
| 675|0x0000000794600000, 0x0000000794800000, 0x0000000794800000|100%| O|  |TAMS 0x0000000794600000| PB 0x0000000794600000| Untracked |  0
| 676|0x0000000794800000, 0x0000000794a00000, 0x0000000794a00000|100%| O|  |TAMS 0x0000000794800000| PB 0x0000000794800000| Untracked |  0
| 677|0x0000000794a00000, 0x0000000794c00000, 0x0000000794c00000|100%| O|  |TAMS 0x0000000794a00000| PB 0x0000000794a00000| Untracked |  0
| 678|0x0000000794c00000, 0x0000000794e00000, 0x0000000794e00000|100%| O|  |TAMS 0x0000000794c00000| PB 0x0000000794c00000| Untracked |  0
| 679|0x0000000794e00000, 0x0000000795000000, 0x0000000795000000|100%| O|  |TAMS 0x0000000794e00000| PB 0x0000000794e00000| Untracked |  0
| 680|0x0000000795000000, 0x0000000795200000, 0x0000000795200000|100%| O|  |TAMS 0x0000000795000000| PB 0x0000000795000000| Untracked |  0
| 681|0x0000000795200000, 0x0000000795400000, 0x0000000795400000|100%| O|  |TAMS 0x0000000795200000| PB 0x0000000795200000| Untracked |  0
| 682|0x0000000795400000, 0x0000000795600000, 0x0000000795600000|100%| O|  |TAMS 0x0000000795400000| PB 0x0000000795400000| Untracked |  0
| 683|0x0000000795600000, 0x0000000795800000, 0x0000000795800000|100%| O|  |TAMS 0x0000000795600000| PB 0x0000000795600000| Untracked |  0
| 684|0x0000000795800000, 0x0000000795a00000, 0x0000000795a00000|100%| O|  |TAMS 0x0000000795800000| PB 0x0000000795800000| Untracked |  0
| 685|0x0000000795a00000, 0x0000000795c00000, 0x0000000795c00000|100%| O|  |TAMS 0x0000000795a00000| PB 0x0000000795a00000| Untracked |  0
| 686|0x0000000795c00000, 0x0000000795e00000, 0x0000000795e00000|100%| O|  |TAMS 0x0000000795c00000| PB 0x0000000795c00000| Untracked |  0
| 687|0x0000000795e00000, 0x0000000796000000, 0x0000000796000000|100%| O|  |TAMS 0x0000000795e00000| PB 0x0000000795e00000| Untracked |  0
| 688|0x0000000796000000, 0x0000000796200000, 0x0000000796200000|100%| O|  |TAMS 0x0000000796000000| PB 0x0000000796000000| Untracked |  0
| 689|0x0000000796200000, 0x0000000796400000, 0x0000000796400000|100%| O|  |TAMS 0x0000000796200000| PB 0x0000000796200000| Untracked |  0
| 690|0x0000000796400000, 0x0000000796600000, 0x0000000796600000|100%| O|  |TAMS 0x0000000796400000| PB 0x0000000796400000| Untracked |  0
| 691|0x0000000796600000, 0x0000000796800000, 0x0000000796800000|100%| O|  |TAMS 0x0000000796600000| PB 0x0000000796600000| Untracked |  0
| 692|0x0000000796800000, 0x0000000796a00000, 0x0000000796a00000|100%| O|  |TAMS 0x0000000796800000| PB 0x0000000796800000| Untracked |  0
| 693|0x0000000796a00000, 0x0000000796c00000, 0x0000000796c00000|100%| O|  |TAMS 0x0000000796a00000| PB 0x0000000796a00000| Untracked |  0
| 694|0x0000000796c00000, 0x0000000796e00000, 0x0000000796e00000|100%| O|  |TAMS 0x0000000796c00000| PB 0x0000000796c00000| Untracked |  0
| 695|0x0000000796e00000, 0x0000000797000000, 0x0000000797000000|100%| O|  |TAMS 0x0000000796e00000| PB 0x0000000796e00000| Untracked |  0
| 696|0x0000000797000000, 0x0000000797200000, 0x0000000797200000|100%| O|  |TAMS 0x0000000797000000| PB 0x0000000797000000| Untracked |  0
| 697|0x0000000797200000, 0x0000000797400000, 0x0000000797400000|100%| O|  |TAMS 0x0000000797200000| PB 0x0000000797200000| Untracked |  0
| 698|0x0000000797400000, 0x0000000797600000, 0x0000000797600000|100%| O|  |TAMS 0x0000000797400000| PB 0x0000000797400000| Untracked |  0
| 699|0x0000000797600000, 0x0000000797800000, 0x0000000797800000|100%| O|  |TAMS 0x0000000797600000| PB 0x0000000797600000| Untracked |  0
| 700|0x0000000797800000, 0x0000000797a00000, 0x0000000797a00000|100%| O|  |TAMS 0x0000000797800000| PB 0x0000000797800000| Untracked |  0
| 701|0x0000000797a00000, 0x0000000797c00000, 0x0000000797c00000|100%| O|  |TAMS 0x0000000797a00000| PB 0x0000000797a00000| Untracked |  0
| 702|0x0000000797c00000, 0x0000000797e00000, 0x0000000797e00000|100%| O|  |TAMS 0x0000000797c00000| PB 0x0000000797c00000| Untracked |  0
| 703|0x0000000797e00000, 0x0000000798000000, 0x0000000798000000|100%| O|  |TAMS 0x0000000797e00000| PB 0x0000000797e00000| Untracked |  0
| 704|0x0000000798000000, 0x0000000798200000, 0x0000000798200000|100%| O|  |TAMS 0x0000000798000000| PB 0x0000000798000000| Untracked |  0
| 705|0x0000000798200000, 0x0000000798400000, 0x0000000798400000|100%| O|  |TAMS 0x0000000798200000| PB 0x0000000798200000| Untracked |  0
| 706|0x0000000798400000, 0x0000000798600000, 0x0000000798600000|100%| O|  |TAMS 0x0000000798400000| PB 0x0000000798400000| Untracked |  0
| 707|0x0000000798600000, 0x0000000798800000, 0x0000000798800000|100%| O|  |TAMS 0x0000000798600000| PB 0x0000000798600000| Untracked |  0
| 708|0x0000000798800000, 0x0000000798800000, 0x0000000798a00000|  0%| F|  |TAMS 0x0000000798800000| PB 0x0000000798800000| Untracked |  0
| 709|0x0000000798a00000, 0x0000000798a00000, 0x0000000798c00000|  0%| F|  |TAMS 0x0000000798a00000| PB 0x0000000798a00000| Untracked |  0
| 710|0x0000000798c00000, 0x0000000798c00000, 0x0000000798e00000|  0%| F|  |TAMS 0x0000000798c00000| PB 0x0000000798c00000| Untracked |  0
| 711|0x0000000798e00000, 0x0000000798e00000, 0x0000000799000000|  0%| F|  |TAMS 0x0000000798e00000| PB 0x0000000798e00000| Untracked |  0
| 712|0x0000000799000000, 0x0000000799000000, 0x0000000799200000|  0%| F|  |TAMS 0x0000000799000000| PB 0x0000000799000000| Untracked |  0
| 713|0x0000000799200000, 0x0000000799200000, 0x0000000799400000|  0%| F|  |TAMS 0x0000000799200000| PB 0x0000000799200000| Untracked |  0
| 714|0x0000000799400000, 0x0000000799400000, 0x0000000799600000|  0%| F|  |TAMS 0x0000000799400000| PB 0x0000000799400000| Untracked |  0
| 715|0x0000000799600000, 0x0000000799600000, 0x0000000799800000|  0%| F|  |TAMS 0x0000000799600000| PB 0x0000000799600000| Untracked |  0
| 716|0x0000000799800000, 0x0000000799800000, 0x0000000799a00000|  0%| F|  |TAMS 0x0000000799800000| PB 0x0000000799800000| Untracked |  0
| 717|0x0000000799a00000, 0x0000000799a00000, 0x0000000799c00000|  0%| F|  |TAMS 0x0000000799a00000| PB 0x0000000799a00000| Untracked |  0
| 718|0x0000000799c00000, 0x0000000799c00000, 0x0000000799e00000|  0%| F|  |TAMS 0x0000000799c00000| PB 0x0000000799c00000| Untracked |  0
| 719|0x0000000799e00000, 0x0000000799e00000, 0x000000079a000000|  0%| F|  |TAMS 0x0000000799e00000| PB 0x0000000799e00000| Untracked |  0
| 720|0x000000079a000000, 0x000000079a000000, 0x000000079a200000|  0%| F|  |TAMS 0x000000079a000000| PB 0x000000079a000000| Untracked |  0
| 721|0x000000079a200000, 0x000000079a200000, 0x000000079a400000|  0%| F|  |TAMS 0x000000079a200000| PB 0x000000079a200000| Untracked |  0
| 722|0x000000079a400000, 0x000000079a400000, 0x000000079a600000|  0%| F|  |TAMS 0x000000079a400000| PB 0x000000079a400000| Untracked |  0
| 723|0x000000079a600000, 0x000000079a600000, 0x000000079a800000|  0%| F|  |TAMS 0x000000079a600000| PB 0x000000079a600000| Untracked |  0
| 724|0x000000079a800000, 0x000000079a800000, 0x000000079aa00000|  0%| F|  |TAMS 0x000000079a800000| PB 0x000000079a800000| Untracked |  0
| 725|0x000000079aa00000, 0x000000079aa00000, 0x000000079ac00000|  0%| F|  |TAMS 0x000000079aa00000| PB 0x000000079aa00000| Untracked |  0
| 726|0x000000079ac00000, 0x000000079ac00000, 0x000000079ae00000|  0%| F|  |TAMS 0x000000079ac00000| PB 0x000000079ac00000| Untracked |  0
| 727|0x000000079ae00000, 0x000000079aecc738, 0x000000079b000000| 39%| S|CS|TAMS 0x000000079ae00000| PB 0x000000079ae00000| Complete |  0
| 728|0x000000079b000000, 0x000000079b200000, 0x000000079b200000|100%| S|CS|TAMS 0x000000079b000000| PB 0x000000079b000000| Complete |  0
| 729|0x000000079b200000, 0x000000079b400000, 0x000000079b400000|100%| S|CS|TAMS 0x000000079b200000| PB 0x000000079b200000| Complete |  0
| 730|0x000000079b400000, 0x000000079b400000, 0x000000079b600000|  0%| F|  |TAMS 0x000000079b400000| PB 0x000000079b400000| Untracked |  0
| 731|0x000000079b600000, 0x000000079b600000, 0x000000079b800000|  0%| F|  |TAMS 0x000000079b600000| PB 0x000000079b600000| Untracked |  0
| 732|0x000000079b800000, 0x000000079b800000, 0x000000079ba00000|  0%| F|  |TAMS 0x000000079b800000| PB 0x000000079b800000| Untracked |  0
| 733|0x000000079ba00000, 0x000000079ba00000, 0x000000079bc00000|  0%| F|  |TAMS 0x000000079ba00000| PB 0x000000079ba00000| Untracked |  0
| 734|0x000000079bc00000, 0x000000079bc00000, 0x000000079be00000|  0%| F|  |TAMS 0x000000079bc00000| PB 0x000000079bc00000| Untracked |  0
| 735|0x000000079be00000, 0x000000079be00000, 0x000000079c000000|  0%| F|  |TAMS 0x000000079be00000| PB 0x000000079be00000| Untracked |  0
| 736|0x000000079c000000, 0x000000079c000000, 0x000000079c200000|  0%| F|  |TAMS 0x000000079c000000| PB 0x000000079c000000| Untracked |  0
| 737|0x000000079c200000, 0x000000079c200000, 0x000000079c400000|  0%| F|  |TAMS 0x000000079c200000| PB 0x000000079c200000| Untracked |  0
| 738|0x000000079c400000, 0x000000079c400000, 0x000000079c600000|  0%| F|  |TAMS 0x000000079c400000| PB 0x000000079c400000| Untracked |  0
| 739|0x000000079c600000, 0x000000079c600000, 0x000000079c800000|  0%| F|  |TAMS 0x000000079c600000| PB 0x000000079c600000| Untracked |  0
| 740|0x000000079c800000, 0x000000079c800000, 0x000000079ca00000|  0%| F|  |TAMS 0x000000079c800000| PB 0x000000079c800000| Untracked |  0
| 741|0x000000079ca00000, 0x000000079ca00000, 0x000000079cc00000|  0%| F|  |TAMS 0x000000079ca00000| PB 0x000000079ca00000| Untracked |  0
| 742|0x000000079cc00000, 0x000000079cc00000, 0x000000079ce00000|  0%| F|  |TAMS 0x000000079cc00000| PB 0x000000079cc00000| Untracked |  0
| 743|0x000000079ce00000, 0x000000079ce00000, 0x000000079d000000|  0%| F|  |TAMS 0x000000079ce00000| PB 0x000000079ce00000| Untracked |  0
| 744|0x000000079d000000, 0x000000079d000000, 0x000000079d200000|  0%| F|  |TAMS 0x000000079d000000| PB 0x000000079d000000| Untracked |  0
| 745|0x000000079d200000, 0x000000079d200000, 0x000000079d400000|  0%| F|  |TAMS 0x000000079d200000| PB 0x000000079d200000| Untracked |  0
| 746|0x000000079d400000, 0x000000079d400000, 0x000000079d600000|  0%| F|  |TAMS 0x000000079d400000| PB 0x000000079d400000| Untracked |  0
| 747|0x000000079d600000, 0x000000079d600000, 0x000000079d800000|  0%| F|  |TAMS 0x000000079d600000| PB 0x000000079d600000| Untracked |  0
| 748|0x000000079d800000, 0x000000079d800000, 0x000000079da00000|  0%| F|  |TAMS 0x000000079d800000| PB 0x000000079d800000| Untracked |  0
| 749|0x000000079da00000, 0x000000079da00000, 0x000000079dc00000|  0%| F|  |TAMS 0x000000079da00000| PB 0x000000079da00000| Untracked |  0
| 750|0x000000079dc00000, 0x000000079dc00000, 0x000000079de00000|  0%| F|  |TAMS 0x000000079dc00000| PB 0x000000079dc00000| Untracked |  0
| 751|0x000000079de00000, 0x000000079de00000, 0x000000079e000000|  0%| F|  |TAMS 0x000000079de00000| PB 0x000000079de00000| Untracked |  0
| 752|0x000000079e000000, 0x000000079e000000, 0x000000079e200000|  0%| F|  |TAMS 0x000000079e000000| PB 0x000000079e000000| Untracked |  0
| 753|0x000000079e200000, 0x000000079e200000, 0x000000079e400000|  0%| F|  |TAMS 0x000000079e200000| PB 0x000000079e200000| Untracked |  0
| 754|0x000000079e400000, 0x000000079e400000, 0x000000079e600000|  0%| F|  |TAMS 0x000000079e400000| PB 0x000000079e400000| Untracked |  0
| 755|0x000000079e600000, 0x000000079e600000, 0x000000079e800000|  0%| F|  |TAMS 0x000000079e600000| PB 0x000000079e600000| Untracked |  0
| 756|0x000000079e800000, 0x000000079e800000, 0x000000079ea00000|  0%| F|  |TAMS 0x000000079e800000| PB 0x000000079e800000| Untracked |  0
| 757|0x000000079ea00000, 0x000000079ea00000, 0x000000079ec00000|  0%| F|  |TAMS 0x000000079ea00000| PB 0x000000079ea00000| Untracked |  0
| 758|0x000000079ec00000, 0x000000079ec00000, 0x000000079ee00000|  0%| F|  |TAMS 0x000000079ec00000| PB 0x000000079ec00000| Untracked |  0
| 759|0x000000079ee00000, 0x000000079f000000, 0x000000079f000000|100%| S|CS|TAMS 0x000000079ee00000| PB 0x000000079ee00000| Complete |  0
| 760|0x000000079f000000, 0x000000079f200000, 0x000000079f200000|100%| S|CS|TAMS 0x000000079f000000| PB 0x000000079f000000| Complete |  0
| 761|0x000000079f200000, 0x000000079f400000, 0x000000079f400000|100%| S|CS|TAMS 0x000000079f200000| PB 0x000000079f200000| Complete |  0
| 762|0x000000079f400000, 0x000000079f600000, 0x000000079f600000|100%| S|CS|TAMS 0x000000079f400000| PB 0x000000079f400000| Complete |  0
| 763|0x000000079f600000, 0x000000079f800000, 0x000000079f800000|100%| S|CS|TAMS 0x000000079f600000| PB 0x000000079f600000| Complete |  0
| 764|0x000000079f800000, 0x000000079fa00000, 0x000000079fa00000|100%| S|CS|TAMS 0x000000079f800000| PB 0x000000079f800000| Complete |  0
| 765|0x000000079fa00000, 0x000000079fc00000, 0x000000079fc00000|100%| S|CS|TAMS 0x000000079fa00000| PB 0x000000079fa00000| Complete |  0
| 766|0x000000079fc00000, 0x000000079fe00000, 0x000000079fe00000|100%| S|CS|TAMS 0x000000079fc00000| PB 0x000000079fc00000| Complete |  0
| 767|0x000000079fe00000, 0x00000007a0000000, 0x00000007a0000000|100%| S|CS|TAMS 0x000000079fe00000| PB 0x000000079fe00000| Complete |  0
| 768|0x00000007a0000000, 0x00000007a0200000, 0x00000007a0200000|100%| S|CS|TAMS 0x00000007a0000000| PB 0x00000007a0000000| Complete |  0
| 769|0x00000007a0200000, 0x00000007a0400000, 0x00000007a0400000|100%| S|CS|TAMS 0x00000007a0200000| PB 0x00000007a0200000| Complete |  0
| 770|0x00000007a0400000, 0x00000007a0600000, 0x00000007a0600000|100%| S|CS|TAMS 0x00000007a0400000| PB 0x00000007a0400000| Complete |  0
| 771|0x00000007a0600000, 0x00000007a0800000, 0x00000007a0800000|100%| S|CS|TAMS 0x00000007a0600000| PB 0x00000007a0600000| Complete |  0
| 772|0x00000007a0800000, 0x00000007a0a00000, 0x00000007a0a00000|100%| S|CS|TAMS 0x00000007a0800000| PB 0x00000007a0800000| Complete |  0
| 773|0x00000007a0a00000, 0x00000007a0c00000, 0x00000007a0c00000|100%| S|CS|TAMS 0x00000007a0a00000| PB 0x00000007a0a00000| Complete |  0
| 774|0x00000007a0c00000, 0x00000007a0e00000, 0x00000007a0e00000|100%| S|CS|TAMS 0x00000007a0c00000| PB 0x00000007a0c00000| Complete |  0
| 775|0x00000007a0e00000, 0x00000007a1000000, 0x00000007a1000000|100%| S|CS|TAMS 0x00000007a0e00000| PB 0x00000007a0e00000| Complete |  0
| 776|0x00000007a1000000, 0x00000007a1200000, 0x00000007a1200000|100%| S|CS|TAMS 0x00000007a1000000| PB 0x00000007a1000000| Complete |  0
| 777|0x00000007a1200000, 0x00000007a1400000, 0x00000007a1400000|100%| S|CS|TAMS 0x00000007a1200000| PB 0x00000007a1200000| Complete |  0
| 778|0x00000007a1400000, 0x00000007a1600000, 0x00000007a1600000|100%| S|CS|TAMS 0x00000007a1400000| PB 0x00000007a1400000| Complete |  0
| 779|0x00000007a1600000, 0x00000007a1800000, 0x00000007a1800000|100%| S|CS|TAMS 0x00000007a1600000| PB 0x00000007a1600000| Complete |  0
| 780|0x00000007a1800000, 0x00000007a1a00000, 0x00000007a1a00000|100%| S|CS|TAMS 0x00000007a1800000| PB 0x00000007a1800000| Complete |  0
| 781|0x00000007a1a00000, 0x00000007a1c00000, 0x00000007a1c00000|100%| S|CS|TAMS 0x00000007a1a00000| PB 0x00000007a1a00000| Complete |  0
| 782|0x00000007a1c00000, 0x00000007a1e00000, 0x00000007a1e00000|100%| S|CS|TAMS 0x00000007a1c00000| PB 0x00000007a1c00000| Complete |  0
| 783|0x00000007a1e00000, 0x00000007a2000000, 0x00000007a2000000|100%| S|CS|TAMS 0x00000007a1e00000| PB 0x00000007a1e00000| Complete |  0
| 784|0x00000007a2000000, 0x00000007a2200000, 0x00000007a2200000|100%| S|CS|TAMS 0x00000007a2000000| PB 0x00000007a2000000| Complete |  0
| 785|0x00000007a2200000, 0x00000007a2400000, 0x00000007a2400000|100%| S|CS|TAMS 0x00000007a2200000| PB 0x00000007a2200000| Complete |  0
| 786|0x00000007a2400000, 0x00000007a2600000, 0x00000007a2600000|100%| S|CS|TAMS 0x00000007a2400000| PB 0x00000007a2400000| Complete |  0
| 787|0x00000007a2600000, 0x00000007a2800000, 0x00000007a2800000|100%| S|CS|TAMS 0x00000007a2600000| PB 0x00000007a2600000| Complete |  0
| 788|0x00000007a2800000, 0x00000007a2a00000, 0x00000007a2a00000|100%| S|CS|TAMS 0x00000007a2800000| PB 0x00000007a2800000| Complete |  0
| 789|0x00000007a2a00000, 0x00000007a2c00000, 0x00000007a2c00000|100%| S|CS|TAMS 0x00000007a2a00000| PB 0x00000007a2a00000| Complete |  0
| 790|0x00000007a2c00000, 0x00000007a2e00000, 0x00000007a2e00000|100%| S|CS|TAMS 0x00000007a2c00000| PB 0x00000007a2c00000| Complete |  0
| 791|0x00000007a2e00000, 0x00000007a3000000, 0x00000007a3000000|100%| S|CS|TAMS 0x00000007a2e00000| PB 0x00000007a2e00000| Complete |  0
| 792|0x00000007a3000000, 0x00000007a3200000, 0x00000007a3200000|100%| S|CS|TAMS 0x00000007a3000000| PB 0x00000007a3000000| Complete |  0
| 793|0x00000007a3200000, 0x00000007a3400000, 0x00000007a3400000|100%| S|CS|TAMS 0x00000007a3200000| PB 0x00000007a3200000| Complete |  0
| 794|0x00000007a3400000, 0x00000007a3400000, 0x00000007a3600000|  0%| F|  |TAMS 0x00000007a3400000| PB 0x00000007a3400000| Untracked |  0
| 795|0x00000007a3600000, 0x00000007a3600000, 0x00000007a3800000|  0%| F|  |TAMS 0x00000007a3600000| PB 0x00000007a3600000| Untracked |  0
| 796|0x00000007a3800000, 0x00000007a3800000, 0x00000007a3a00000|  0%| F|  |TAMS 0x00000007a3800000| PB 0x00000007a3800000| Untracked |  0
| 797|0x00000007a3a00000, 0x00000007a3a00000, 0x00000007a3c00000|  0%| F|  |TAMS 0x00000007a3a00000| PB 0x00000007a3a00000| Untracked |  0
| 798|0x00000007a3c00000, 0x00000007a3c00000, 0x00000007a3e00000|  0%| F|  |TAMS 0x00000007a3c00000| PB 0x00000007a3c00000| Untracked |  0
| 799|0x00000007a3e00000, 0x00000007a4000000, 0x00000007a4000000|100%| O|Cr|TAMS 0x00000007a3e00000| PB 0x00000007a3e00000| Complete |  2
| 800|0x00000007a4000000, 0x00000007a4000000, 0x00000007a4200000|  0%| F|  |TAMS 0x00000007a4000000| PB 0x00000007a4000000| Untracked |  0
| 801|0x00000007a4200000, 0x00000007a4200000, 0x00000007a4400000|  0%| F|  |TAMS 0x00000007a4200000| PB 0x00000007a4200000| Untracked |  0
| 802|0x00000007a4400000, 0x00000007a4400000, 0x00000007a4600000|  0%| F|  |TAMS 0x00000007a4400000| PB 0x00000007a4400000| Untracked |  0
| 803|0x00000007a4600000, 0x00000007a4600000, 0x00000007a4800000|  0%| F|  |TAMS 0x00000007a4600000| PB 0x00000007a4600000| Untracked |  0
| 804|0x00000007a4800000, 0x00000007a4800000, 0x00000007a4a00000|  0%| F|  |TAMS 0x00000007a4800000| PB 0x00000007a4800000| Untracked |  0
| 805|0x00000007a4a00000, 0x00000007a4a00000, 0x00000007a4c00000|  0%| F|  |TAMS 0x00000007a4a00000| PB 0x00000007a4a00000| Untracked |  0
| 806|0x00000007a4c00000, 0x00000007a4c00000, 0x00000007a4e00000|  0%| F|  |TAMS 0x00000007a4c00000| PB 0x00000007a4c00000| Untracked |  0
| 807|0x00000007a4e00000, 0x00000007a4e00000, 0x00000007a5000000|  0%| F|  |TAMS 0x00000007a4e00000| PB 0x00000007a4e00000| Untracked |  0
| 808|0x00000007a5000000, 0x00000007a5000000, 0x00000007a5200000|  0%| F|  |TAMS 0x00000007a5000000| PB 0x00000007a5000000| Untracked |  0
| 809|0x00000007a5200000, 0x00000007a5200000, 0x00000007a5400000|  0%| F|  |TAMS 0x00000007a5200000| PB 0x00000007a5200000| Untracked |  0
| 810|0x00000007a5400000, 0x00000007a5400000, 0x00000007a5600000|  0%| F|  |TAMS 0x00000007a5400000| PB 0x00000007a5400000| Untracked |  0
| 811|0x00000007a5600000, 0x00000007a5600000, 0x00000007a5800000|  0%| F|  |TAMS 0x00000007a5600000| PB 0x00000007a5600000| Untracked |  0
| 812|0x00000007a5800000, 0x00000007a5800000, 0x00000007a5a00000|  0%| F|  |TAMS 0x00000007a5800000| PB 0x00000007a5800000| Untracked |  0
| 813|0x00000007a5a00000, 0x00000007a5a00000, 0x00000007a5c00000|  0%| F|  |TAMS 0x00000007a5a00000| PB 0x00000007a5a00000| Untracked |  0
| 814|0x00000007a5c00000, 0x00000007a5c00000, 0x00000007a5e00000|  0%| F|  |TAMS 0x00000007a5c00000| PB 0x00000007a5c00000| Untracked |  0
| 815|0x00000007a5e00000, 0x00000007a5e00000, 0x00000007a6000000|  0%| F|  |TAMS 0x00000007a5e00000| PB 0x00000007a5e00000| Untracked |  0
| 816|0x00000007a6000000, 0x00000007a6000000, 0x00000007a6200000|  0%| F|  |TAMS 0x00000007a6000000| PB 0x00000007a6000000| Untracked |  0
| 817|0x00000007a6200000, 0x00000007a6200000, 0x00000007a6400000|  0%| F|  |TAMS 0x00000007a6200000| PB 0x00000007a6200000| Untracked |  0
| 818|0x00000007a6400000, 0x00000007a6400000, 0x00000007a6600000|  0%| F|  |TAMS 0x00000007a6400000| PB 0x00000007a6400000| Untracked |  0
| 819|0x00000007a6600000, 0x00000007a6600000, 0x00000007a6800000|  0%| F|  |TAMS 0x00000007a6600000| PB 0x00000007a6600000| Untracked |  0
| 820|0x00000007a6800000, 0x00000007a6800000, 0x00000007a6a00000|  0%| F|  |TAMS 0x00000007a6800000| PB 0x00000007a6800000| Untracked |  0
| 821|0x00000007a6a00000, 0x00000007a6a00000, 0x00000007a6c00000|  0%| F|  |TAMS 0x00000007a6a00000| PB 0x00000007a6a00000| Untracked |  0
| 822|0x00000007a6c00000, 0x00000007a6c00000, 0x00000007a6e00000|  0%| F|  |TAMS 0x00000007a6c00000| PB 0x00000007a6c00000| Untracked |  0
| 823|0x00000007a6e00000, 0x00000007a6e00000, 0x00000007a7000000|  0%| F|  |TAMS 0x00000007a6e00000| PB 0x00000007a6e00000| Untracked |  0
| 824|0x00000007a7000000, 0x00000007a7000000, 0x00000007a7200000|  0%| F|  |TAMS 0x00000007a7000000| PB 0x00000007a7000000| Untracked |  0
| 825|0x00000007a7200000, 0x00000007a7200000, 0x00000007a7400000|  0%| F|  |TAMS 0x00000007a7200000| PB 0x00000007a7200000| Untracked |  0
| 826|0x00000007a7400000, 0x00000007a7400000, 0x00000007a7600000|  0%| F|  |TAMS 0x00000007a7400000| PB 0x00000007a7400000| Untracked |  0
| 827|0x00000007a7600000, 0x00000007a7600000, 0x00000007a7800000|  0%| F|  |TAMS 0x00000007a7600000| PB 0x00000007a7600000| Untracked |  0
| 828|0x00000007a7800000, 0x00000007a7800000, 0x00000007a7a00000|  0%| F|  |TAMS 0x00000007a7800000| PB 0x00000007a7800000| Untracked |  0
| 829|0x00000007a7a00000, 0x00000007a7a00000, 0x00000007a7c00000|  0%| F|  |TAMS 0x00000007a7a00000| PB 0x00000007a7a00000| Untracked |  0
| 830|0x00000007a7c00000, 0x00000007a7c00000, 0x00000007a7e00000|  0%| F|  |TAMS 0x00000007a7c00000| PB 0x00000007a7c00000| Untracked |  0
| 831|0x00000007a7e00000, 0x00000007a7e00000, 0x00000007a8000000|  0%| F|  |TAMS 0x00000007a7e00000| PB 0x00000007a7e00000| Untracked |  0
| 832|0x00000007a8000000, 0x00000007a8000000, 0x00000007a8200000|  0%| F|  |TAMS 0x00000007a8000000| PB 0x00000007a8000000| Untracked |  0
| 833|0x00000007a8200000, 0x00000007a8200000, 0x00000007a8400000|  0%| F|  |TAMS 0x00000007a8200000| PB 0x00000007a8200000| Untracked |  0
| 834|0x00000007a8400000, 0x00000007a8400000, 0x00000007a8600000|  0%| F|  |TAMS 0x00000007a8400000| PB 0x00000007a8400000| Untracked |  0
| 835|0x00000007a8600000, 0x00000007a8600000, 0x00000007a8800000|  0%| F|  |TAMS 0x00000007a8600000| PB 0x00000007a8600000| Untracked |  0
| 836|0x00000007a8800000, 0x00000007a8800000, 0x00000007a8a00000|  0%| F|  |TAMS 0x00000007a8800000| PB 0x00000007a8800000| Untracked |  0
| 837|0x00000007a8a00000, 0x00000007a8a00000, 0x00000007a8c00000|  0%| F|  |TAMS 0x00000007a8a00000| PB 0x00000007a8a00000| Untracked |  0
| 838|0x00000007a8c00000, 0x00000007a8c00000, 0x00000007a8e00000|  0%| F|  |TAMS 0x00000007a8c00000| PB 0x00000007a8c00000| Untracked |  0
| 839|0x00000007a8e00000, 0x00000007a8e00000, 0x00000007a9000000|  0%| F|  |TAMS 0x00000007a8e00000| PB 0x00000007a8e00000| Untracked |  0
| 840|0x00000007a9000000, 0x00000007a9000000, 0x00000007a9200000|  0%| F|  |TAMS 0x00000007a9000000| PB 0x00000007a9000000| Untracked |  0
| 841|0x00000007a9200000, 0x00000007a9200000, 0x00000007a9400000|  0%| F|  |TAMS 0x00000007a9200000| PB 0x00000007a9200000| Untracked |  0
| 842|0x00000007a9400000, 0x00000007a9400000, 0x00000007a9600000|  0%| F|  |TAMS 0x00000007a9400000| PB 0x00000007a9400000| Untracked |  0
| 843|0x00000007a9600000, 0x00000007a9600000, 0x00000007a9800000|  0%| F|  |TAMS 0x00000007a9600000| PB 0x00000007a9600000| Untracked |  0
| 844|0x00000007a9800000, 0x00000007a9800000, 0x00000007a9a00000|  0%| F|  |TAMS 0x00000007a9800000| PB 0x00000007a9800000| Untracked |  0
| 845|0x00000007a9a00000, 0x00000007a9a00000, 0x00000007a9c00000|  0%| F|  |TAMS 0x00000007a9a00000| PB 0x00000007a9a00000| Untracked |  0
| 846|0x00000007a9c00000, 0x00000007a9c00000, 0x00000007a9e00000|  0%| F|  |TAMS 0x00000007a9c00000| PB 0x00000007a9c00000| Untracked |  0
| 847|0x00000007a9e00000, 0x00000007a9e00000, 0x00000007aa000000|  0%| F|  |TAMS 0x00000007a9e00000| PB 0x00000007a9e00000| Untracked |  0
| 848|0x00000007aa000000, 0x00000007aa000000, 0x00000007aa200000|  0%| F|  |TAMS 0x00000007aa000000| PB 0x00000007aa000000| Untracked |  0
| 849|0x00000007aa200000, 0x00000007aa200000, 0x00000007aa400000|  0%| F|  |TAMS 0x00000007aa200000| PB 0x00000007aa200000| Untracked |  0
| 850|0x00000007aa400000, 0x00000007aa400000, 0x00000007aa600000|  0%| F|  |TAMS 0x00000007aa400000| PB 0x00000007aa400000| Untracked |  0
| 851|0x00000007aa600000, 0x00000007aa600000, 0x00000007aa800000|  0%| F|  |TAMS 0x00000007aa600000| PB 0x00000007aa600000| Untracked |  0
| 852|0x00000007aa800000, 0x00000007aa800000, 0x00000007aaa00000|  0%| F|  |TAMS 0x00000007aa800000| PB 0x00000007aa800000| Untracked |  0
| 853|0x00000007aaa00000, 0x00000007aaa00000, 0x00000007aac00000|  0%| F|  |TAMS 0x00000007aaa00000| PB 0x00000007aaa00000| Untracked |  0
| 854|0x00000007aac00000, 0x00000007aac00000, 0x00000007aae00000|  0%| F|  |TAMS 0x00000007aac00000| PB 0x00000007aac00000| Untracked |  0
| 855|0x00000007aae00000, 0x00000007aae00000, 0x00000007ab000000|  0%| F|  |TAMS 0x00000007aae00000| PB 0x00000007aae00000| Untracked |  0
| 856|0x00000007ab000000, 0x00000007ab000000, 0x00000007ab200000|  0%| F|  |TAMS 0x00000007ab000000| PB 0x00000007ab000000| Untracked |  0
| 857|0x00000007ab200000, 0x00000007ab200000, 0x00000007ab400000|  0%| F|  |TAMS 0x00000007ab200000| PB 0x00000007ab200000| Untracked |  0
| 858|0x00000007ab400000, 0x00000007ab400000, 0x00000007ab600000|  0%| F|  |TAMS 0x00000007ab400000| PB 0x00000007ab400000| Untracked |  0
| 859|0x00000007ab600000, 0x00000007ab600000, 0x00000007ab800000|  0%| F|  |TAMS 0x00000007ab600000| PB 0x00000007ab600000| Untracked |  0
| 860|0x00000007ab800000, 0x00000007ab800000, 0x00000007aba00000|  0%| F|  |TAMS 0x00000007ab800000| PB 0x00000007ab800000| Untracked |  0
| 861|0x00000007aba00000, 0x00000007aba00000, 0x00000007abc00000|  0%| F|  |TAMS 0x00000007aba00000| PB 0x00000007aba00000| Untracked |  0
| 862|0x00000007abc00000, 0x00000007abc00000, 0x00000007abe00000|  0%| F|  |TAMS 0x00000007abc00000| PB 0x00000007abc00000| Untracked |  0
| 863|0x00000007abe00000, 0x00000007abe00000, 0x00000007ac000000|  0%| F|  |TAMS 0x00000007abe00000| PB 0x00000007abe00000| Untracked |  0
| 864|0x00000007ac000000, 0x00000007ac000000, 0x00000007ac200000|  0%| F|  |TAMS 0x00000007ac000000| PB 0x00000007ac000000| Untracked |  0
| 865|0x00000007ac200000, 0x00000007ac200000, 0x00000007ac400000|  0%| F|  |TAMS 0x00000007ac200000| PB 0x00000007ac200000| Untracked |  0
| 866|0x00000007ac400000, 0x00000007ac400000, 0x00000007ac600000|  0%| F|  |TAMS 0x00000007ac400000| PB 0x00000007ac400000| Untracked |  0
| 867|0x00000007ac600000, 0x00000007ac600000, 0x00000007ac800000|  0%| F|  |TAMS 0x00000007ac600000| PB 0x00000007ac600000| Untracked |  0
| 868|0x00000007ac800000, 0x00000007ac800000, 0x00000007aca00000|  0%| F|  |TAMS 0x00000007ac800000| PB 0x00000007ac800000| Untracked |  0
| 869|0x00000007aca00000, 0x00000007aca00000, 0x00000007acc00000|  0%| F|  |TAMS 0x00000007aca00000| PB 0x00000007aca00000| Untracked |  0
| 870|0x00000007acc00000, 0x00000007acc00000, 0x00000007ace00000|  0%| F|  |TAMS 0x00000007acc00000| PB 0x00000007acc00000| Untracked |  0
| 871|0x00000007ace00000, 0x00000007ace00000, 0x00000007ad000000|  0%| F|  |TAMS 0x00000007ace00000| PB 0x00000007ace00000| Untracked |  0
| 872|0x00000007ad000000, 0x00000007ad000000, 0x00000007ad200000|  0%| F|  |TAMS 0x00000007ad000000| PB 0x00000007ad000000| Untracked |  0
| 873|0x00000007ad200000, 0x00000007ad200000, 0x00000007ad400000|  0%| F|  |TAMS 0x00000007ad200000| PB 0x00000007ad200000| Untracked |  0
| 874|0x00000007ad400000, 0x00000007ad400000, 0x00000007ad600000|  0%| F|  |TAMS 0x00000007ad400000| PB 0x00000007ad400000| Untracked |  0
| 875|0x00000007ad600000, 0x00000007ad600000, 0x00000007ad800000|  0%| F|  |TAMS 0x00000007ad600000| PB 0x00000007ad600000| Untracked |  0
| 876|0x00000007ad800000, 0x00000007ad800000, 0x00000007ada00000|  0%| F|  |TAMS 0x00000007ad800000| PB 0x00000007ad800000| Untracked |  0
| 877|0x00000007ada00000, 0x00000007ada00000, 0x00000007adc00000|  0%| F|  |TAMS 0x00000007ada00000| PB 0x00000007ada00000| Untracked |  0
| 878|0x00000007adc00000, 0x00000007adc00000, 0x00000007ade00000|  0%| F|  |TAMS 0x00000007adc00000| PB 0x00000007adc00000| Untracked |  0
| 879|0x00000007ade00000, 0x00000007ade00000, 0x00000007ae000000|  0%| F|  |TAMS 0x00000007ade00000| PB 0x00000007ade00000| Untracked |  0
| 880|0x00000007ae000000, 0x00000007ae000000, 0x00000007ae200000|  0%| F|  |TAMS 0x00000007ae000000| PB 0x00000007ae000000| Untracked |  0
| 881|0x00000007ae200000, 0x00000007ae200000, 0x00000007ae400000|  0%| F|  |TAMS 0x00000007ae200000| PB 0x00000007ae200000| Untracked |  0
| 882|0x00000007ae400000, 0x00000007ae400000, 0x00000007ae600000|  0%| F|  |TAMS 0x00000007ae400000| PB 0x00000007ae400000| Untracked |  0
| 883|0x00000007ae600000, 0x00000007ae600000, 0x00000007ae800000|  0%| F|  |TAMS 0x00000007ae600000| PB 0x00000007ae600000| Untracked |  0
| 884|0x00000007ae800000, 0x00000007ae800000, 0x00000007aea00000|  0%| F|  |TAMS 0x00000007ae800000| PB 0x00000007ae800000| Untracked |  0
| 885|0x00000007aea00000, 0x00000007aea00000, 0x00000007aec00000|  0%| F|  |TAMS 0x00000007aea00000| PB 0x00000007aea00000| Untracked |  0
| 886|0x00000007aec00000, 0x00000007aec00000, 0x00000007aee00000|  0%| F|  |TAMS 0x00000007aec00000| PB 0x00000007aec00000| Untracked |  0
| 887|0x00000007aee00000, 0x00000007aee00000, 0x00000007af000000|  0%| F|  |TAMS 0x00000007aee00000| PB 0x00000007aee00000| Untracked |  0
| 888|0x00000007af000000, 0x00000007af000000, 0x00000007af200000|  0%| F|  |TAMS 0x00000007af000000| PB 0x00000007af000000| Untracked |  0
| 889|0x00000007af200000, 0x00000007af200000, 0x00000007af400000|  0%| F|  |TAMS 0x00000007af200000| PB 0x00000007af200000| Untracked |  0
| 890|0x00000007af400000, 0x00000007af400000, 0x00000007af600000|  0%| F|  |TAMS 0x00000007af400000| PB 0x00000007af400000| Untracked |  0
| 891|0x00000007af600000, 0x00000007af600000, 0x00000007af800000|  0%| F|  |TAMS 0x00000007af600000| PB 0x00000007af600000| Untracked |  0
| 892|0x00000007af800000, 0x00000007af800000, 0x00000007afa00000|  0%| F|  |TAMS 0x00000007af800000| PB 0x00000007af800000| Untracked |  0
| 893|0x00000007afa00000, 0x00000007afa00000, 0x00000007afc00000|  0%| F|  |TAMS 0x00000007afa00000| PB 0x00000007afa00000| Untracked |  0
| 894|0x00000007afc00000, 0x00000007afc00000, 0x00000007afe00000|  0%| F|  |TAMS 0x00000007afc00000| PB 0x00000007afc00000| Untracked |  0
| 895|0x00000007afe00000, 0x00000007afe00000, 0x00000007b0000000|  0%| F|  |TAMS 0x00000007afe00000| PB 0x00000007afe00000| Untracked |  0
| 896|0x00000007b0000000, 0x00000007b0000000, 0x00000007b0200000|  0%| F|  |TAMS 0x00000007b0000000| PB 0x00000007b0000000| Untracked |  0
| 897|0x00000007b0200000, 0x00000007b0200000, 0x00000007b0400000|  0%| F|  |TAMS 0x00000007b0200000| PB 0x00000007b0200000| Untracked |  0
| 898|0x00000007b0400000, 0x00000007b0400000, 0x00000007b0600000|  0%| F|  |TAMS 0x00000007b0400000| PB 0x00000007b0400000| Untracked |  0
| 899|0x00000007b0600000, 0x00000007b0600000, 0x00000007b0800000|  0%| F|  |TAMS 0x00000007b0600000| PB 0x00000007b0600000| Untracked |  0
| 900|0x00000007b0800000, 0x00000007b0800000, 0x00000007b0a00000|  0%| F|  |TAMS 0x00000007b0800000| PB 0x00000007b0800000| Untracked |  0
| 901|0x00000007b0a00000, 0x00000007b0a00000, 0x00000007b0c00000|  0%| F|  |TAMS 0x00000007b0a00000| PB 0x00000007b0a00000| Untracked |  0
| 902|0x00000007b0c00000, 0x00000007b0c00000, 0x00000007b0e00000|  0%| F|  |TAMS 0x00000007b0c00000| PB 0x00000007b0c00000| Untracked |  0
| 903|0x00000007b0e00000, 0x00000007b0e00000, 0x00000007b1000000|  0%| F|  |TAMS 0x00000007b0e00000| PB 0x00000007b0e00000| Untracked |  0
| 904|0x00000007b1000000, 0x00000007b1000000, 0x00000007b1200000|  0%| F|  |TAMS 0x00000007b1000000| PB 0x00000007b1000000| Untracked |  0
| 905|0x00000007b1200000, 0x00000007b1200000, 0x00000007b1400000|  0%| F|  |TAMS 0x00000007b1200000| PB 0x00000007b1200000| Untracked |  0
| 906|0x00000007b1400000, 0x00000007b1400000, 0x00000007b1600000|  0%| F|  |TAMS 0x00000007b1400000| PB 0x00000007b1400000| Untracked |  0
| 907|0x00000007b1600000, 0x00000007b1600000, 0x00000007b1800000|  0%| F|  |TAMS 0x00000007b1600000| PB 0x00000007b1600000| Untracked |  0
| 908|0x00000007b1800000, 0x00000007b1800000, 0x00000007b1a00000|  0%| F|  |TAMS 0x00000007b1800000| PB 0x00000007b1800000| Untracked |  0
| 909|0x00000007b1a00000, 0x00000007b1a00000, 0x00000007b1c00000|  0%| F|  |TAMS 0x00000007b1a00000| PB 0x00000007b1a00000| Untracked |  0
| 910|0x00000007b1c00000, 0x00000007b1c00000, 0x00000007b1e00000|  0%| F|  |TAMS 0x00000007b1c00000| PB 0x00000007b1c00000| Untracked |  0
| 911|0x00000007b1e00000, 0x00000007b1e00000, 0x00000007b2000000|  0%| F|  |TAMS 0x00000007b1e00000| PB 0x00000007b1e00000| Untracked |  0
| 912|0x00000007b2000000, 0x00000007b2000000, 0x00000007b2200000|  0%| F|  |TAMS 0x00000007b2000000| PB 0x00000007b2000000| Untracked |  0
| 913|0x00000007b2200000, 0x00000007b2200000, 0x00000007b2400000|  0%| F|  |TAMS 0x00000007b2200000| PB 0x00000007b2200000| Untracked |  0
| 914|0x00000007b2400000, 0x00000007b2400000, 0x00000007b2600000|  0%| F|  |TAMS 0x00000007b2400000| PB 0x00000007b2400000| Untracked |  0
| 915|0x00000007b2600000, 0x00000007b2600000, 0x00000007b2800000|  0%| F|  |TAMS 0x00000007b2600000| PB 0x00000007b2600000| Untracked |  0
| 916|0x00000007b2800000, 0x00000007b2800000, 0x00000007b2a00000|  0%| F|  |TAMS 0x00000007b2800000| PB 0x00000007b2800000| Untracked |  0
| 917|0x00000007b2a00000, 0x00000007b2a00000, 0x00000007b2c00000|  0%| F|  |TAMS 0x00000007b2a00000| PB 0x00000007b2a00000| Untracked |  0
| 918|0x00000007b2c00000, 0x00000007b2c00000, 0x00000007b2e00000|  0%| F|  |TAMS 0x00000007b2c00000| PB 0x00000007b2c00000| Untracked |  0
| 919|0x00000007b2e00000, 0x00000007b2e00000, 0x00000007b3000000|  0%| F|  |TAMS 0x00000007b2e00000| PB 0x00000007b2e00000| Untracked |  0
| 920|0x00000007b3000000, 0x00000007b3000000, 0x00000007b3200000|  0%| F|  |TAMS 0x00000007b3000000| PB 0x00000007b3000000| Untracked |  0
| 921|0x00000007b3200000, 0x00000007b3200000, 0x00000007b3400000|  0%| F|  |TAMS 0x00000007b3200000| PB 0x00000007b3200000| Untracked |  0
| 922|0x00000007b3400000, 0x00000007b3400000, 0x00000007b3600000|  0%| F|  |TAMS 0x00000007b3400000| PB 0x00000007b3400000| Untracked |  0
| 923|0x00000007b3600000, 0x00000007b3600000, 0x00000007b3800000|  0%| F|  |TAMS 0x00000007b3600000| PB 0x00000007b3600000| Untracked |  0
| 924|0x00000007b3800000, 0x00000007b3800000, 0x00000007b3a00000|  0%| F|  |TAMS 0x00000007b3800000| PB 0x00000007b3800000| Untracked |  0
| 925|0x00000007b3a00000, 0x00000007b3a00000, 0x00000007b3c00000|  0%| F|  |TAMS 0x00000007b3a00000| PB 0x00000007b3a00000| Untracked |  0
| 926|0x00000007b3c00000, 0x00000007b3c00000, 0x00000007b3e00000|  0%| F|  |TAMS 0x00000007b3c00000| PB 0x00000007b3c00000| Untracked |  0
| 927|0x00000007b3e00000, 0x00000007b3e00000, 0x00000007b4000000|  0%| F|  |TAMS 0x00000007b3e00000| PB 0x00000007b3e00000| Untracked |  0
| 928|0x00000007b4000000, 0x00000007b4000000, 0x00000007b4200000|  0%| F|  |TAMS 0x00000007b4000000| PB 0x00000007b4000000| Untracked |  0
| 929|0x00000007b4200000, 0x00000007b4200000, 0x00000007b4400000|  0%| F|  |TAMS 0x00000007b4200000| PB 0x00000007b4200000| Untracked |  0
| 930|0x00000007b4400000, 0x00000007b4400000, 0x00000007b4600000|  0%| F|  |TAMS 0x00000007b4400000| PB 0x00000007b4400000| Untracked |  0
| 931|0x00000007b4600000, 0x00000007b4600000, 0x00000007b4800000|  0%| F|  |TAMS 0x00000007b4600000| PB 0x00000007b4600000| Untracked |  0
| 932|0x00000007b4800000, 0x00000007b4800000, 0x00000007b4a00000|  0%| F|  |TAMS 0x00000007b4800000| PB 0x00000007b4800000| Untracked |  0
| 933|0x00000007b4a00000, 0x00000007b4a00000, 0x00000007b4c00000|  0%| F|  |TAMS 0x00000007b4a00000| PB 0x00000007b4a00000| Untracked |  0
| 934|0x00000007b4c00000, 0x00000007b4c00000, 0x00000007b4e00000|  0%| F|  |TAMS 0x00000007b4c00000| PB 0x00000007b4c00000| Untracked |  0
| 935|0x00000007b4e00000, 0x00000007b4e00000, 0x00000007b5000000|  0%| F|  |TAMS 0x00000007b4e00000| PB 0x00000007b4e00000| Untracked |  0
| 936|0x00000007b5000000, 0x00000007b5000000, 0x00000007b5200000|  0%| F|  |TAMS 0x00000007b5000000| PB 0x00000007b5000000| Untracked |  0
| 937|0x00000007b5200000, 0x00000007b5200000, 0x00000007b5400000|  0%| F|  |TAMS 0x00000007b5200000| PB 0x00000007b5200000| Untracked |  0
| 938|0x00000007b5400000, 0x00000007b5400000, 0x00000007b5600000|  0%| F|  |TAMS 0x00000007b5400000| PB 0x00000007b5400000| Untracked |  0
| 939|0x00000007b5600000, 0x00000007b5600000, 0x00000007b5800000|  0%| F|  |TAMS 0x00000007b5600000| PB 0x00000007b5600000| Untracked |  0
| 940|0x00000007b5800000, 0x00000007b5800000, 0x00000007b5a00000|  0%| F|  |TAMS 0x00000007b5800000| PB 0x00000007b5800000| Untracked |  0
| 941|0x00000007b5a00000, 0x00000007b5a00000, 0x00000007b5c00000|  0%| F|  |TAMS 0x00000007b5a00000| PB 0x00000007b5a00000| Untracked |  0
| 942|0x00000007b5c00000, 0x00000007b5c00000, 0x00000007b5e00000|  0%| F|  |TAMS 0x00000007b5c00000| PB 0x00000007b5c00000| Untracked |  0
| 943|0x00000007b5e00000, 0x00000007b5e00000, 0x00000007b6000000|  0%| F|  |TAMS 0x00000007b5e00000| PB 0x00000007b5e00000| Untracked |  0
| 944|0x00000007b6000000, 0x00000007b6000000, 0x00000007b6200000|  0%| F|  |TAMS 0x00000007b6000000| PB 0x00000007b6000000| Untracked |  0
| 945|0x00000007b6200000, 0x00000007b6200000, 0x00000007b6400000|  0%| F|  |TAMS 0x00000007b6200000| PB 0x00000007b6200000| Untracked |  0
| 946|0x00000007b6400000, 0x00000007b6400000, 0x00000007b6600000|  0%| F|  |TAMS 0x00000007b6400000| PB 0x00000007b6400000| Untracked |  0
| 947|0x00000007b6600000, 0x00000007b6600000, 0x00000007b6800000|  0%| F|  |TAMS 0x00000007b6600000| PB 0x00000007b6600000| Untracked |  0
| 948|0x00000007b6800000, 0x00000007b6800000, 0x00000007b6a00000|  0%| F|  |TAMS 0x00000007b6800000| PB 0x00000007b6800000| Untracked |  0
| 949|0x00000007b6a00000, 0x00000007b6a00000, 0x00000007b6c00000|  0%| F|  |TAMS 0x00000007b6a00000| PB 0x00000007b6a00000| Untracked |  0
| 950|0x00000007b6c00000, 0x00000007b6c00000, 0x00000007b6e00000|  0%| F|  |TAMS 0x00000007b6c00000| PB 0x00000007b6c00000| Untracked |  0
| 951|0x00000007b6e00000, 0x00000007b6e00000, 0x00000007b7000000|  0%| F|  |TAMS 0x00000007b6e00000| PB 0x00000007b6e00000| Untracked |  0
| 952|0x00000007b7000000, 0x00000007b7000000, 0x00000007b7200000|  0%| F|  |TAMS 0x00000007b7000000| PB 0x00000007b7000000| Untracked |  0
| 953|0x00000007b7200000, 0x00000007b7200000, 0x00000007b7400000|  0%| F|  |TAMS 0x00000007b7200000| PB 0x00000007b7200000| Untracked |  0
| 954|0x00000007b7400000, 0x00000007b7400000, 0x00000007b7600000|  0%| F|  |TAMS 0x00000007b7400000| PB 0x00000007b7400000| Untracked |  0
| 955|0x00000007b7600000, 0x00000007b7600000, 0x00000007b7800000|  0%| F|  |TAMS 0x00000007b7600000| PB 0x00000007b7600000| Untracked |  0
| 956|0x00000007b7800000, 0x00000007b7800000, 0x00000007b7a00000|  0%| F|  |TAMS 0x00000007b7800000| PB 0x00000007b7800000| Untracked |  0
| 957|0x00000007b7a00000, 0x00000007b7a00000, 0x00000007b7c00000|  0%| F|  |TAMS 0x00000007b7a00000| PB 0x00000007b7a00000| Untracked |  0
| 958|0x00000007b7c00000, 0x00000007b7c00000, 0x00000007b7e00000|  0%| F|  |TAMS 0x00000007b7c00000| PB 0x00000007b7c00000| Untracked |  0
| 959|0x00000007b7e00000, 0x00000007b7e00000, 0x00000007b8000000|  0%| F|  |TAMS 0x00000007b7e00000| PB 0x00000007b7e00000| Untracked |  0
| 960|0x00000007b8000000, 0x00000007b8000000, 0x00000007b8200000|  0%| F|  |TAMS 0x00000007b8000000| PB 0x00000007b8000000| Untracked |  0
| 961|0x00000007b8200000, 0x00000007b8200000, 0x00000007b8400000|  0%| F|  |TAMS 0x00000007b8200000| PB 0x00000007b8200000| Untracked |  0
| 962|0x00000007b8400000, 0x00000007b8400000, 0x00000007b8600000|  0%| F|  |TAMS 0x00000007b8400000| PB 0x00000007b8400000| Untracked |  0
| 963|0x00000007b8600000, 0x00000007b8600000, 0x00000007b8800000|  0%| F|  |TAMS 0x00000007b8600000| PB 0x00000007b8600000| Untracked |  0
| 964|0x00000007b8800000, 0x00000007b8800000, 0x00000007b8a00000|  0%| F|  |TAMS 0x00000007b8800000| PB 0x00000007b8800000| Untracked |  0
| 965|0x00000007b8a00000, 0x00000007b8a00000, 0x00000007b8c00000|  0%| F|  |TAMS 0x00000007b8a00000| PB 0x00000007b8a00000| Untracked |  0
| 966|0x00000007b8c00000, 0x00000007b8c00000, 0x00000007b8e00000|  0%| F|  |TAMS 0x00000007b8c00000| PB 0x00000007b8c00000| Untracked |  0
| 967|0x00000007b8e00000, 0x00000007b8e00000, 0x00000007b9000000|  0%| F|  |TAMS 0x00000007b8e00000| PB 0x00000007b8e00000| Untracked |  0
| 968|0x00000007b9000000, 0x00000007b9000000, 0x00000007b9200000|  0%| F|  |TAMS 0x00000007b9000000| PB 0x00000007b9000000| Untracked |  0
| 969|0x00000007b9200000, 0x00000007b9200000, 0x00000007b9400000|  0%| F|  |TAMS 0x00000007b9200000| PB 0x00000007b9200000| Untracked |  0
| 970|0x00000007b9400000, 0x00000007b9400000, 0x00000007b9600000|  0%| F|  |TAMS 0x00000007b9400000| PB 0x00000007b9400000| Untracked |  0
| 971|0x00000007b9600000, 0x00000007b9600000, 0x00000007b9800000|  0%| F|  |TAMS 0x00000007b9600000| PB 0x00000007b9600000| Untracked |  0
| 972|0x00000007b9800000, 0x00000007b9800000, 0x00000007b9a00000|  0%| F|  |TAMS 0x00000007b9800000| PB 0x00000007b9800000| Untracked |  0
| 973|0x00000007b9a00000, 0x00000007b9a00000, 0x00000007b9c00000|  0%| F|  |TAMS 0x00000007b9a00000| PB 0x00000007b9a00000| Untracked |  0
| 974|0x00000007b9c00000, 0x00000007b9c00000, 0x00000007b9e00000|  0%| F|  |TAMS 0x00000007b9c00000| PB 0x00000007b9c00000| Untracked |  0
| 975|0x00000007b9e00000, 0x00000007b9e00000, 0x00000007ba000000|  0%| F|  |TAMS 0x00000007b9e00000| PB 0x00000007b9e00000| Untracked |  0
| 976|0x00000007ba000000, 0x00000007ba000000, 0x00000007ba200000|  0%| F|  |TAMS 0x00000007ba000000| PB 0x00000007ba000000| Untracked |  0
| 977|0x00000007ba200000, 0x00000007ba200000, 0x00000007ba400000|  0%| F|  |TAMS 0x00000007ba200000| PB 0x00000007ba200000| Untracked |  0
| 978|0x00000007ba400000, 0x00000007ba400000, 0x00000007ba600000|  0%| F|  |TAMS 0x00000007ba400000| PB 0x00000007ba400000| Untracked |  0
| 979|0x00000007ba600000, 0x00000007ba600000, 0x00000007ba800000|  0%| F|  |TAMS 0x00000007ba600000| PB 0x00000007ba600000| Untracked |  0
| 980|0x00000007ba800000, 0x00000007ba800000, 0x00000007baa00000|  0%| F|  |TAMS 0x00000007ba800000| PB 0x00000007ba800000| Untracked |  0
| 981|0x00000007baa00000, 0x00000007baa00000, 0x00000007bac00000|  0%| F|  |TAMS 0x00000007baa00000| PB 0x00000007baa00000| Untracked |  0
| 982|0x00000007bac00000, 0x00000007bac00000, 0x00000007bae00000|  0%| F|  |TAMS 0x00000007bac00000| PB 0x00000007bac00000| Untracked |  0
| 983|0x00000007bae00000, 0x00000007bae00000, 0x00000007bb000000|  0%| F|  |TAMS 0x00000007bae00000| PB 0x00000007bae00000| Untracked |  0
| 984|0x00000007bb000000, 0x00000007bb000000, 0x00000007bb200000|  0%| F|  |TAMS 0x00000007bb000000| PB 0x00000007bb000000| Untracked |  0
| 985|0x00000007bb200000, 0x00000007bb200000, 0x00000007bb400000|  0%| F|  |TAMS 0x00000007bb200000| PB 0x00000007bb200000| Untracked |  0
| 986|0x00000007bb400000, 0x00000007bb400000, 0x00000007bb600000|  0%| F|  |TAMS 0x00000007bb400000| PB 0x00000007bb400000| Untracked |  0
| 987|0x00000007bb600000, 0x00000007bb600000, 0x00000007bb800000|  0%| F|  |TAMS 0x00000007bb600000| PB 0x00000007bb600000| Untracked |  0
| 988|0x00000007bb800000, 0x00000007bb800000, 0x00000007bba00000|  0%| F|  |TAMS 0x00000007bb800000| PB 0x00000007bb800000| Untracked |  0
| 989|0x00000007bba00000, 0x00000007bba00000, 0x00000007bbc00000|  0%| F|  |TAMS 0x00000007bba00000| PB 0x00000007bba00000| Untracked |  0
| 990|0x00000007bbc00000, 0x00000007bbc00000, 0x00000007bbe00000|  0%| F|  |TAMS 0x00000007bbc00000| PB 0x00000007bbc00000| Untracked |  0
| 991|0x00000007bbe00000, 0x00000007bbe00000, 0x00000007bc000000|  0%| F|  |TAMS 0x00000007bbe00000| PB 0x00000007bbe00000| Untracked |  0
| 992|0x00000007bc000000, 0x00000007bc000000, 0x00000007bc200000|  0%| F|  |TAMS 0x00000007bc000000| PB 0x00000007bc000000| Untracked |  0
| 993|0x00000007bc200000, 0x00000007bc200000, 0x00000007bc400000|  0%| F|  |TAMS 0x00000007bc200000| PB 0x00000007bc200000| Untracked |  0
| 994|0x00000007bc400000, 0x00000007bc400000, 0x00000007bc600000|  0%| F|  |TAMS 0x00000007bc400000| PB 0x00000007bc400000| Untracked |  0
| 995|0x00000007bc600000, 0x00000007bc600000, 0x00000007bc800000|  0%| F|  |TAMS 0x00000007bc600000| PB 0x00000007bc600000| Untracked |  0
| 996|0x00000007bc800000, 0x00000007bc800000, 0x00000007bca00000|  0%| F|  |TAMS 0x00000007bc800000| PB 0x00000007bc800000| Untracked |  0
| 997|0x00000007bca00000, 0x00000007bca00000, 0x00000007bcc00000|  0%| F|  |TAMS 0x00000007bca00000| PB 0x00000007bca00000| Untracked |  0
| 998|0x00000007bcc00000, 0x00000007bcc00000, 0x00000007bce00000|  0%| F|  |TAMS 0x00000007bcc00000| PB 0x00000007bcc00000| Untracked |  0
| 999|0x00000007bce00000, 0x00000007bce00000, 0x00000007bd000000|  0%| F|  |TAMS 0x00000007bce00000| PB 0x00000007bce00000| Untracked |  0
|1000|0x00000007bd000000, 0x00000007bd000000, 0x00000007bd200000|  0%| F|  |TAMS 0x00000007bd000000| PB 0x00000007bd000000| Untracked |  0
|1001|0x00000007bd200000, 0x00000007bd200000, 0x00000007bd400000|  0%| F|  |TAMS 0x00000007bd200000| PB 0x00000007bd200000| Untracked |  0
|1002|0x00000007bd400000, 0x00000007bd400000, 0x00000007bd600000|  0%| F|  |TAMS 0x00000007bd400000| PB 0x00000007bd400000| Untracked |  0
|1003|0x00000007bd600000, 0x00000007bd600000, 0x00000007bd800000|  0%| F|  |TAMS 0x00000007bd600000| PB 0x00000007bd600000| Untracked |  0
|1004|0x00000007bd800000, 0x00000007bd800000, 0x00000007bda00000|  0%| F|  |TAMS 0x00000007bd800000| PB 0x00000007bd800000| Untracked |  0
|1005|0x00000007bda00000, 0x00000007bda00000, 0x00000007bdc00000|  0%| F|  |TAMS 0x00000007bda00000| PB 0x00000007bda00000| Untracked |  0
|1006|0x00000007bdc00000, 0x00000007bdc00000, 0x00000007bde00000|  0%| F|  |TAMS 0x00000007bdc00000| PB 0x00000007bdc00000| Untracked |  0
|1007|0x00000007bde00000, 0x00000007bde00000, 0x00000007be000000|  0%| F|  |TAMS 0x00000007bde00000| PB 0x00000007bde00000| Untracked |  0
|1008|0x00000007be000000, 0x00000007be000000, 0x00000007be200000|  0%| F|  |TAMS 0x00000007be000000| PB 0x00000007be000000| Untracked |  0
|1009|0x00000007be200000, 0x00000007be200000, 0x00000007be400000|  0%| F|  |TAMS 0x00000007be200000| PB 0x00000007be200000| Untracked |  0
|1010|0x00000007be400000, 0x00000007be400000, 0x00000007be600000|  0%| F|  |TAMS 0x00000007be400000| PB 0x00000007be400000| Untracked |  0
|1011|0x00000007be600000, 0x00000007be600000, 0x00000007be800000|  0%| F|  |TAMS 0x00000007be600000| PB 0x00000007be600000| Untracked |  0
|1012|0x00000007be800000, 0x00000007be800000, 0x00000007bea00000|  0%| F|  |TAMS 0x00000007be800000| PB 0x00000007be800000| Untracked |  0
|1013|0x00000007bea00000, 0x00000007bea00000, 0x00000007bec00000|  0%| F|  |TAMS 0x00000007bea00000| PB 0x00000007bea00000| Untracked |  0
|1014|0x00000007bec00000, 0x00000007bec00000, 0x00000007bee00000|  0%| F|  |TAMS 0x00000007bec00000| PB 0x00000007bec00000| Untracked |  0
|1015|0x00000007bee00000, 0x00000007bee00000, 0x00000007bf000000|  0%| F|  |TAMS 0x00000007bee00000| PB 0x00000007bee00000| Untracked |  0
|1016|0x00000007bf000000, 0x00000007bf000000, 0x00000007bf200000|  0%| F|  |TAMS 0x00000007bf000000| PB 0x00000007bf000000| Untracked |  0
|1017|0x00000007bf200000, 0x00000007bf200000, 0x00000007bf400000|  0%| F|  |TAMS 0x00000007bf200000| PB 0x00000007bf200000| Untracked |  0
|1018|0x00000007bf400000, 0x00000007bf400000, 0x00000007bf600000|  0%| F|  |TAMS 0x00000007bf400000| PB 0x00000007bf400000| Untracked |  0
|1019|0x00000007bf600000, 0x00000007bf600000, 0x00000007bf800000|  0%| F|  |TAMS 0x00000007bf600000| PB 0x00000007bf600000| Untracked |  0
|1020|0x00000007bf800000, 0x00000007bf800000, 0x00000007bfa00000|  0%| F|  |TAMS 0x00000007bf800000| PB 0x00000007bf800000| Untracked |  0
|1021|0x00000007bfa00000, 0x00000007bfa00000, 0x00000007bfc00000|  0%| F|  |TAMS 0x00000007bfa00000| PB 0x00000007bfa00000| Untracked |  0
|1022|0x00000007bfc00000, 0x00000007bfc00000, 0x00000007bfe00000|  0%| F|  |TAMS 0x00000007bfc00000| PB 0x00000007bfc00000| Untracked |  0
|1023|0x00000007bfe00000, 0x00000007bfe00000, 0x00000007c0000000|  0%| F|  |TAMS 0x00000007bfe00000| PB 0x00000007bfe00000| Untracked |  0
|1024|0x00000007c0000000, 0x00000007c0000000, 0x00000007c0200000|  0%| F|  |TAMS 0x00000007c0000000| PB 0x00000007c0000000| Untracked |  0
|1025|0x00000007c0200000, 0x00000007c0200000, 0x00000007c0400000|  0%| F|  |TAMS 0x00000007c0200000| PB 0x00000007c0200000| Untracked |  0
|1026|0x00000007c0400000, 0x00000007c0400000, 0x00000007c0600000|  0%| F|  |TAMS 0x00000007c0400000| PB 0x00000007c0400000| Untracked |  0
|1027|0x00000007c0600000, 0x00000007c0600000, 0x00000007c0800000|  0%| F|  |TAMS 0x00000007c0600000| PB 0x00000007c0600000| Untracked |  0
|1028|0x00000007c0800000, 0x00000007c0800000, 0x00000007c0a00000|  0%| F|  |TAMS 0x00000007c0800000| PB 0x00000007c0800000| Untracked |  0
|1029|0x00000007c0a00000, 0x00000007c0a00000, 0x00000007c0c00000|  0%| F|  |TAMS 0x00000007c0a00000| PB 0x00000007c0a00000| Untracked |  0
|1030|0x00000007c0c00000, 0x00000007c0c00000, 0x00000007c0e00000|  0%| F|  |TAMS 0x00000007c0c00000| PB 0x00000007c0c00000| Untracked |  0
|1031|0x00000007c0e00000, 0x00000007c0e00000, 0x00000007c1000000|  0%| F|  |TAMS 0x00000007c0e00000| PB 0x00000007c0e00000| Untracked |  0
|1032|0x00000007c1000000, 0x00000007c1000000, 0x00000007c1200000|  0%| F|  |TAMS 0x00000007c1000000| PB 0x00000007c1000000| Untracked |  0
|1033|0x00000007c1200000, 0x00000007c1200000, 0x00000007c1400000|  0%| F|  |TAMS 0x00000007c1200000| PB 0x00000007c1200000| Untracked |  0
|1034|0x00000007c1400000, 0x00000007c1400000, 0x00000007c1600000|  0%| F|  |TAMS 0x00000007c1400000| PB 0x00000007c1400000| Untracked |  0
|1035|0x00000007c1600000, 0x00000007c1600000, 0x00000007c1800000|  0%| F|  |TAMS 0x00000007c1600000| PB 0x00000007c1600000| Untracked |  0
|1036|0x00000007c1800000, 0x00000007c1800000, 0x00000007c1a00000|  0%| F|  |TAMS 0x00000007c1800000| PB 0x00000007c1800000| Untracked |  0
|1037|0x00000007c1a00000, 0x00000007c1a00000, 0x00000007c1c00000|  0%| F|  |TAMS 0x00000007c1a00000| PB 0x00000007c1a00000| Untracked |  0
|1038|0x00000007c1c00000, 0x00000007c1c00000, 0x00000007c1e00000|  0%| F|  |TAMS 0x00000007c1c00000| PB 0x00000007c1c00000| Untracked |  0
|1039|0x00000007c1e00000, 0x00000007c1e00000, 0x00000007c2000000|  0%| F|  |TAMS 0x00000007c1e00000| PB 0x00000007c1e00000| Untracked |  0
|1040|0x00000007c2000000, 0x00000007c2000000, 0x00000007c2200000|  0%| F|  |TAMS 0x00000007c2000000| PB 0x00000007c2000000| Untracked |  0
|1041|0x00000007c2200000, 0x00000007c2200000, 0x00000007c2400000|  0%| F|  |TAMS 0x00000007c2200000| PB 0x00000007c2200000| Untracked |  0
|1042|0x00000007c2400000, 0x00000007c2400000, 0x00000007c2600000|  0%| F|  |TAMS 0x00000007c2400000| PB 0x00000007c2400000| Untracked |  0
|1043|0x00000007c2600000, 0x00000007c2600000, 0x00000007c2800000|  0%| F|  |TAMS 0x00000007c2600000| PB 0x00000007c2600000| Untracked |  0
|1044|0x00000007c2800000, 0x00000007c2800000, 0x00000007c2a00000|  0%| F|  |TAMS 0x00000007c2800000| PB 0x00000007c2800000| Untracked |  0
|1045|0x00000007c2a00000, 0x00000007c2a00000, 0x00000007c2c00000|  0%| F|  |TAMS 0x00000007c2a00000| PB 0x00000007c2a00000| Untracked |  0
|1046|0x00000007c2c00000, 0x00000007c2c00000, 0x00000007c2e00000|  0%| F|  |TAMS 0x00000007c2c00000| PB 0x00000007c2c00000| Untracked |  0
|1047|0x00000007c2e00000, 0x00000007c2e00000, 0x00000007c3000000|  0%| F|  |TAMS 0x00000007c2e00000| PB 0x00000007c2e00000| Untracked |  0
|1048|0x00000007c3000000, 0x00000007c3000000, 0x00000007c3200000|  0%| F|  |TAMS 0x00000007c3000000| PB 0x00000007c3000000| Untracked |  0
|1049|0x00000007c3200000, 0x00000007c3200000, 0x00000007c3400000|  0%| F|  |TAMS 0x00000007c3200000| PB 0x00000007c3200000| Untracked |  0
|1050|0x00000007c3400000, 0x00000007c3400000, 0x00000007c3600000|  0%| F|  |TAMS 0x00000007c3400000| PB 0x00000007c3400000| Untracked |  0
|1051|0x00000007c3600000, 0x00000007c3600000, 0x00000007c3800000|  0%| F|  |TAMS 0x00000007c3600000| PB 0x00000007c3600000| Untracked |  0
|1052|0x00000007c3800000, 0x00000007c3800000, 0x00000007c3a00000|  0%| F|  |TAMS 0x00000007c3800000| PB 0x00000007c3800000| Untracked |  0
|1053|0x00000007c3a00000, 0x00000007c3a00000, 0x00000007c3c00000|  0%| F|  |TAMS 0x00000007c3a00000| PB 0x00000007c3a00000| Untracked |  0
|1054|0x00000007c3c00000, 0x00000007c3c00000, 0x00000007c3e00000|  0%| F|  |TAMS 0x00000007c3c00000| PB 0x00000007c3c00000| Untracked |  0
|1055|0x00000007c3e00000, 0x00000007c3e00000, 0x00000007c4000000|  0%| F|  |TAMS 0x00000007c3e00000| PB 0x00000007c3e00000| Untracked |  0
|1056|0x00000007c4000000, 0x00000007c4000000, 0x00000007c4200000|  0%| F|  |TAMS 0x00000007c4000000| PB 0x00000007c4000000| Untracked |  0
|1057|0x00000007c4200000, 0x00000007c4200000, 0x00000007c4400000|  0%| F|  |TAMS 0x00000007c4200000| PB 0x00000007c4200000| Untracked |  0
|1058|0x00000007c4400000, 0x00000007c4400000, 0x00000007c4600000|  0%| F|  |TAMS 0x00000007c4400000| PB 0x00000007c4400000| Untracked |  0
|1059|0x00000007c4600000, 0x00000007c4600000, 0x00000007c4800000|  0%| F|  |TAMS 0x00000007c4600000| PB 0x00000007c4600000| Untracked |  0
|1060|0x00000007c4800000, 0x00000007c4800000, 0x00000007c4a00000|  0%| F|  |TAMS 0x00000007c4800000| PB 0x00000007c4800000| Untracked |  0
|1061|0x00000007c4a00000, 0x00000007c4a00000, 0x00000007c4c00000|  0%| F|  |TAMS 0x00000007c4a00000| PB 0x00000007c4a00000| Untracked |  0
|1062|0x00000007c4c00000, 0x00000007c4c00000, 0x00000007c4e00000|  0%| F|  |TAMS 0x00000007c4c00000| PB 0x00000007c4c00000| Untracked |  0
|1063|0x00000007c4e00000, 0x00000007c4e00000, 0x00000007c5000000|  0%| F|  |TAMS 0x00000007c4e00000| PB 0x00000007c4e00000| Untracked |  0
|1064|0x00000007c5000000, 0x00000007c5000000, 0x00000007c5200000|  0%| F|  |TAMS 0x00000007c5000000| PB 0x00000007c5000000| Untracked |  0
|1065|0x00000007c5200000, 0x00000007c5200000, 0x00000007c5400000|  0%| F|  |TAMS 0x00000007c5200000| PB 0x00000007c5200000| Untracked |  0
|1066|0x00000007c5400000, 0x00000007c5400000, 0x00000007c5600000|  0%| F|  |TAMS 0x00000007c5400000| PB 0x00000007c5400000| Untracked |  0
|1067|0x00000007c5600000, 0x00000007c5600000, 0x00000007c5800000|  0%| F|  |TAMS 0x00000007c5600000| PB 0x00000007c5600000| Untracked |  0
|1068|0x00000007c5800000, 0x00000007c5800000, 0x00000007c5a00000|  0%| F|  |TAMS 0x00000007c5800000| PB 0x00000007c5800000| Untracked |  0
|1069|0x00000007c5a00000, 0x00000007c5a00000, 0x00000007c5c00000|  0%| F|  |TAMS 0x00000007c5a00000| PB 0x00000007c5a00000| Untracked |  0
|1070|0x00000007c5c00000, 0x00000007c5c00000, 0x00000007c5e00000|  0%| F|  |TAMS 0x00000007c5c00000| PB 0x00000007c5c00000| Untracked |  0
|1071|0x00000007c5e00000, 0x00000007c5e00000, 0x00000007c6000000|  0%| F|  |TAMS 0x00000007c5e00000| PB 0x00000007c5e00000| Untracked |  0
|1072|0x00000007c6000000, 0x00000007c6000000, 0x00000007c6200000|  0%| F|  |TAMS 0x00000007c6000000| PB 0x00000007c6000000| Untracked |  0
|1073|0x00000007c6200000, 0x00000007c6200000, 0x00000007c6400000|  0%| F|  |TAMS 0x00000007c6200000| PB 0x00000007c6200000| Untracked |  0
|1074|0x00000007c6400000, 0x00000007c6400000, 0x00000007c6600000|  0%| F|  |TAMS 0x00000007c6400000| PB 0x00000007c6400000| Untracked |  0
|1075|0x00000007c6600000, 0x00000007c6600000, 0x00000007c6800000|  0%| F|  |TAMS 0x00000007c6600000| PB 0x00000007c6600000| Untracked |  0
|1076|0x00000007c6800000, 0x00000007c6800000, 0x00000007c6a00000|  0%| F|  |TAMS 0x00000007c6800000| PB 0x00000007c6800000| Untracked |  0
|1077|0x00000007c6a00000, 0x00000007c6a00000, 0x00000007c6c00000|  0%| F|  |TAMS 0x00000007c6a00000| PB 0x00000007c6a00000| Untracked |  0
|1078|0x00000007c6c00000, 0x00000007c6c00000, 0x00000007c6e00000|  0%| F|  |TAMS 0x00000007c6c00000| PB 0x00000007c6c00000| Untracked |  0
|1079|0x00000007c6e00000, 0x00000007c6e00000, 0x00000007c7000000|  0%| F|  |TAMS 0x00000007c6e00000| PB 0x00000007c6e00000| Untracked |  0
|1080|0x00000007c7000000, 0x00000007c7000000, 0x00000007c7200000|  0%| F|  |TAMS 0x00000007c7000000| PB 0x00000007c7000000| Untracked |  0
|1081|0x00000007c7200000, 0x00000007c7200000, 0x00000007c7400000|  0%| F|  |TAMS 0x00000007c7200000| PB 0x00000007c7200000| Untracked |  0
|1082|0x00000007c7400000, 0x00000007c7400000, 0x00000007c7600000|  0%| F|  |TAMS 0x00000007c7400000| PB 0x00000007c7400000| Untracked |  0
|1083|0x00000007c7600000, 0x00000007c7600000, 0x00000007c7800000|  0%| F|  |TAMS 0x00000007c7600000| PB 0x00000007c7600000| Untracked |  0
|1084|0x00000007c7800000, 0x00000007c7800000, 0x00000007c7a00000|  0%| F|  |TAMS 0x00000007c7800000| PB 0x00000007c7800000| Untracked |  0
|1085|0x00000007c7a00000, 0x00000007c7a00000, 0x00000007c7c00000|  0%| F|  |TAMS 0x00000007c7a00000| PB 0x00000007c7a00000| Untracked |  0
|1490|0x00000007fa400000, 0x00000007fa400000, 0x00000007fa600000|  0%| F|  |TAMS 0x00000007fa400000| PB 0x00000007fa400000| Untracked |  0
|1491|0x00000007fa600000, 0x00000007fa600000, 0x00000007fa800000|  0%| F|  |TAMS 0x00000007fa600000| PB 0x00000007fa600000| Untracked |  0
|1492|0x00000007fa800000, 0x00000007faa00000, 0x00000007faa00000|100%| O|  |TAMS 0x00000007fa800000| PB 0x00000007fa800000| Untracked |  0
|1493|0x00000007faa00000, 0x00000007fac00000, 0x00000007fac00000|100%| O|  |TAMS 0x00000007faa00000| PB 0x00000007faa00000| Untracked |  0
|1494|0x00000007fac00000, 0x00000007fae00000, 0x00000007fae00000|100%| O|  |TAMS 0x00000007fac00000| PB 0x00000007fac00000| Untracked |  0
|1495|0x00000007fae00000, 0x00000007fb000000, 0x00000007fb000000|100%| O|  |TAMS 0x00000007fae00000| PB 0x00000007fae00000| Untracked |  0
|1496|0x00000007fb000000, 0x00000007fb200000, 0x00000007fb200000|100%| O|  |TAMS 0x00000007fb000000| PB 0x00000007fb000000| Untracked |  0
|1497|0x00000007fb200000, 0x00000007fb400000, 0x00000007fb400000|100%| O|  |TAMS 0x00000007fb200000| PB 0x00000007fb200000| Untracked |  0
|1498|0x00000007fb400000, 0x00000007fb600000, 0x00000007fb600000|100%| O|  |TAMS 0x00000007fb400000| PB 0x00000007fb400000| Untracked |  0
|1499|0x00000007fb600000, 0x00000007fb800000, 0x00000007fb800000|100%| O|  |TAMS 0x00000007fb600000| PB 0x00000007fb600000| Untracked |  0
|1500|0x00000007fb800000, 0x00000007fba00000, 0x00000007fba00000|100%| O|  |TAMS 0x00000007fb800000| PB 0x00000007fb800000| Untracked |  0
|1501|0x00000007fba00000, 0x00000007fbc00000, 0x00000007fbc00000|100%| O|  |TAMS 0x00000007fba00000| PB 0x00000007fba00000| Untracked |  0
|1502|0x00000007fbc00000, 0x00000007fbe00000, 0x00000007fbe00000|100%| O|  |TAMS 0x00000007fbc00000| PB 0x00000007fbc00000| Untracked |  0
|1503|0x00000007fbe00000, 0x00000007fc000000, 0x00000007fc000000|100%| O|  |TAMS 0x00000007fbe00000| PB 0x00000007fbe00000| Untracked |  0
|1504|0x00000007fc000000, 0x00000007fc200000, 0x00000007fc200000|100%| O|  |TAMS 0x00000007fc000000| PB 0x00000007fc000000| Untracked |  0
|1505|0x00000007fc200000, 0x00000007fc400000, 0x00000007fc400000|100%| O|  |TAMS 0x00000007fc200000| PB 0x00000007fc200000| Untracked |  0
|1506|0x00000007fc400000, 0x00000007fc600000, 0x00000007fc600000|100%| O|  |TAMS 0x00000007fc400000| PB 0x00000007fc400000| Untracked |  0
|1507|0x00000007fc600000, 0x00000007fc600000, 0x00000007fc800000|  0%| F|  |TAMS 0x00000007fc600000| PB 0x00000007fc600000| Untracked |  0
|1508|0x00000007fc800000, 0x00000007fca00000, 0x00000007fca00000|100%| O|  |TAMS 0x00000007fc800000| PB 0x00000007fc800000| Untracked |  0
|1509|0x00000007fca00000, 0x00000007fcc00000, 0x00000007fcc00000|100%| O|  |TAMS 0x00000007fca00000| PB 0x00000007fca00000| Untracked |  0
|1510|0x00000007fcc00000, 0x00000007fce00000, 0x00000007fce00000|100%| O|  |TAMS 0x00000007fcc00000| PB 0x00000007fcc00000| Untracked |  0
|1511|0x00000007fce00000, 0x00000007fce00000, 0x00000007fd000000|  0%| F|  |TAMS 0x00000007fce00000| PB 0x00000007fce00000| Untracked |  0
|1512|0x00000007fd000000, 0x00000007fd000000, 0x00000007fd200000|  0%| F|  |TAMS 0x00000007fd000000| PB 0x00000007fd000000| Untracked |  0
|1513|0x00000007fd200000, 0x00000007fd200000, 0x00000007fd400000|  0%| F|  |TAMS 0x00000007fd200000| PB 0x00000007fd200000| Untracked |  0
|1514|0x00000007fd400000, 0x00000007fd400000, 0x00000007fd600000|  0%| F|  |TAMS 0x00000007fd400000| PB 0x00000007fd400000| Untracked |  0
|1515|0x00000007fd600000, 0x00000007fd600000, 0x00000007fd800000|  0%| F|  |TAMS 0x00000007fd600000| PB 0x00000007fd600000| Untracked |  0
|1516|0x00000007fd800000, 0x00000007fd800000, 0x00000007fda00000|  0%| F|  |TAMS 0x00000007fd800000| PB 0x00000007fd800000| Untracked |  0
|1517|0x00000007fda00000, 0x00000007fda00000, 0x00000007fdc00000|  0%| F|  |TAMS 0x00000007fda00000| PB 0x00000007fda00000| Untracked |  0
|1518|0x00000007fdc00000, 0x00000007fdc00000, 0x00000007fde00000|  0%| F|  |TAMS 0x00000007fdc00000| PB 0x00000007fdc00000| Untracked |  0
|1519|0x00000007fde00000, 0x00000007fde00000, 0x00000007fe000000|  0%| F|  |TAMS 0x00000007fde00000| PB 0x00000007fde00000| Untracked |  0
|1520|0x00000007fe000000, 0x00000007fe000000, 0x00000007fe200000|  0%| F|  |TAMS 0x00000007fe000000| PB 0x00000007fe000000| Untracked |  0
|1521|0x00000007fe200000, 0x00000007fe200000, 0x00000007fe400000|  0%| F|  |TAMS 0x00000007fe200000| PB 0x00000007fe200000| Untracked |  0
|1522|0x00000007fe400000, 0x00000007fe600000, 0x00000007fe600000|100%| O|  |TAMS 0x00000007fe400000| PB 0x00000007fe400000| Untracked |  0
|1523|0x00000007fe600000, 0x00000007fe800000, 0x00000007fe800000|100%| O|  |TAMS 0x00000007fe600000| PB 0x00000007fe600000| Untracked |  0
|1524|0x00000007fe800000, 0x00000007fea00000, 0x00000007fea00000|100%| O|  |TAMS 0x00000007fe800000| PB 0x00000007fe800000| Untracked |  0
|1525|0x00000007fea00000, 0x00000007fec00000, 0x00000007fec00000|100%| O|  |TAMS 0x00000007fea00000| PB 0x00000007fea00000| Untracked |  0
|1526|0x00000007fec00000, 0x00000007fee00000, 0x00000007fee00000|100%| O|  |TAMS 0x00000007fec00000| PB 0x00000007fec00000| Untracked |  0
|1527|0x00000007fee00000, 0x00000007ff000000, 0x00000007ff000000|100%| O|  |TAMS 0x00000007fee00000| PB 0x00000007fee00000| Untracked |  0
|1528|0x00000007ff000000, 0x00000007ff000000, 0x00000007ff200000|  0%| F|  |TAMS 0x00000007ff000000| PB 0x00000007ff000000| Untracked |  0
|1529|0x00000007ff200000, 0x00000007ff200000, 0x00000007ff400000|  0%| F|  |TAMS 0x00000007ff200000| PB 0x00000007ff200000| Untracked |  0
|1530|0x00000007ff400000, 0x00000007ff400000, 0x00000007ff600000|  0%| F|  |TAMS 0x00000007ff400000| PB 0x00000007ff400000| Untracked |  0
|1531|0x00000007ff600000, 0x00000007ff600000, 0x00000007ff800000|  0%| F|  |TAMS 0x00000007ff600000| PB 0x00000007ff600000| Untracked |  0
|1532|0x00000007ff800000, 0x00000007ff800000, 0x00000007ffa00000|  0%| F|  |TAMS 0x00000007ff800000| PB 0x00000007ff800000| Untracked |  0
|1533|0x00000007ffa00000, 0x00000007ffa00000, 0x00000007ffc00000|  0%| F|  |TAMS 0x00000007ffa00000| PB 0x00000007ffa00000| Untracked |  0
|1534|0x00000007ffc00000, 0x00000007ffc00000, 0x00000007ffe00000|  0%| F|  |TAMS 0x00000007ffc00000| PB 0x00000007ffc00000| Untracked |  0
|1535|0x00000007ffe00000, 0x00000007ffe00000, 0x0000000800000000|  0%| F|  |TAMS 0x00000007ffe00000| PB 0x00000007ffe00000| Untracked |  0

Card table byte_map: [0x000002bb18280000,0x000002bb18880000] _byte_map_base: 0x000002bb14880000

Marking Bits: (CMBitMap*) 0x000002bb7f846990
 Bits: [0x000002bb18880000, 0x000002bb1b880000)

Polling page: 0x000002bb7d7c0000

Metaspace:
Metaspace        used 161940K, committed 167040K, reserved 1245184K
 class space     used 22186K, committed 24640K, reserved 1048576K

Usage:
  Non-class:    136.48 MB used.
      Class:     21.67 MB used.
       Both:    158.15 MB used.

Virtual space:
  Non-class space:      192.00 MB reserved,     139.06 MB ( 72%) committed,  3 nodes.
      Class space:        1.00 GB reserved,      24.06 MB (  2%) committed,  1 nodes.
             Both:        1.19 GB reserved,     163.12 MB ( 13%) committed. 

Chunk freelists:
   Non-Class:  4.17 MB
       Class:  7.95 MB
        Both:  12.12 MB

MaxMetaspaceSize: unlimited
CompressedClassSpaceSize: 1.00 GB
Initial GC threshold: 21.00 MB
Current GC threshold: 271.81 MB
CDS: on
 - commit_granule_bytes: 65536.
 - commit_granule_words: 8192.
 - virtual_space_node_default_size: 8388608.
 - enlarge_chunks_in_place: 1.
UseCompressedClassPointers 1, UseCompactObjectHeaders 0
Narrow klass pointer bits 32, Max shift 3
Narrow klass base: 0x0000000096000000, Narrow klass shift: 0
Encoding Range: [0x0000000096000000 - 0x0000000196000000), (4294967296 bytes)
Klass Range:    [0x0000000096010000 - 0x00000000d7000000), (1090453504 bytes)
Klass ID Range:  [65536 - 1090519033) (1090453497)
Protection zone: [0x0000000096000000 - 0x0000000096010000), (65536 bytes)


Internal statistics:

num_allocs_failed_limit: 6.
num_arena_births: 8346.
num_arena_deaths: 62.
num_vsnodes_births: 4.
num_vsnodes_deaths: 0.
num_space_committed: 2609.
num_space_uncommitted: 0.
num_chunks_returned_to_freelist: 110.
num_chunks_taken_from_freelist: 17200.
num_chunk_merges: 32.
num_chunk_splits: 10963.
num_chunks_enlarged: 6533.
num_inconsistent_stats: 0.

CodeHeap 'non-profiled nmethods': size=119168Kb used=18051Kb max_used=20843Kb free=101116Kb
 bounds [0x000002bb10600000, 0x000002bb11a80000, 0x000002bb17a60000]
CodeHeap 'profiled nmethods': size=119168Kb used=21766Kb max_used=34768Kb free=97402Kb
 bounds [0x000002bb08a50000, 0x000002bb0ac50000, 0x000002bb0feb0000]
CodeHeap 'non-nmethods': size=7488Kb used=2990Kb max_used=4854Kb free=4497Kb
 bounds [0x000002bb0feb0000, 0x000002bb103a0000, 0x000002bb10600000]
CodeCache: size=245824Kb, used=42807Kb, max_used=60465Kb, free=203015Kb
 total_blobs=17838, nmethods=16594, adapters=1144, full_count=0
Compilation: enabled, stopped_count=0, restarted_count=0

Compilation events (20 events):
Event: 386.076 Thread 0x000002bb1e3a2ea0 41938   !   4       io.github.classgraph.Scanner$ClassfileScannerWorkUnitProcessor::processWorkUnit (282 bytes)
Event: 386.084 Thread 0x000002bb1e3a2ea0 nmethod 41938 0x000002bb10d11b08 code [0x000002bb10d11c00, 0x000002bb10d12750]
Event: 386.084 Thread 0x000002bb1e3a2ea0 41931   !   4       java.nio.channels.spi.AbstractInterruptibleChannel::close (37 bytes)
Event: 386.094 Thread 0x000002bb1e3a2ea0 nmethod 41931 0x000002bb10f60a08 code [0x000002bb10f60b00, 0x000002bb10f628c0]
Event: 386.094 Thread 0x000002bb1e3a2ea0 41961       4       sun.nio.fs.WindowsChannelFactory::newFileChannel (150 bytes)
Event: 386.097 Thread 0x000002bb1e3a2ea0 nmethod 41961 0x000002bb106c9c08 code [0x000002bb106c9d00, 0x000002bb106ca188]
Event: 386.097 Thread 0x000002bb1e3a2ea0 41957 % !   4       nonapi.io.github.classgraph.concurrency.WorkQueue::runWorkLoop @ 0 (126 bytes)
Event: 386.100 Thread 0x000002bb1e3a2ea0 nmethod 41957% 0x000002bb10b65b08 code [0x000002bb10b65c00, 0x000002bb10b66058]
Event: 386.100 Thread 0x000002bb1e3a2ea0 41930       4       sun.nio.fs.WindowsChannelFactory$Flags::toFlags (320 bytes)
Event: 386.102 Thread 0x000002bb1e3a2ea0 nmethod 41930 0x000002bb106d3988 code [0x000002bb106d3a80, 0x000002bb106d3d08]
Event: 386.102 Thread 0x000002bb1e3a2ea0 41964   !   4       sun.nio.ch.FileChannelImpl::implCloseChannel (146 bytes)
Event: 386.111 Thread 0x000002bb1e3a2ea0 nmethod 41964 0x000002bb10d44008 code [0x000002bb10d44100, 0x000002bb10d45a20]
Event: 386.111 Thread 0x000002bb1e3a2ea0 41958       4       nonapi.io.github.classgraph.fileslice.Slice::hashCode (64 bytes)
Event: 386.112 Thread 0x000002bb1e3a2ea0 nmethod 41958 0x000002bb1069b908 code [0x000002bb1069ba00, 0x000002bb1069bae0]
Event: 386.112 Thread 0x000002bb1e3a2ea0 41963       4       nonapi.io.github.classgraph.fileslice.PathSlice::hashCode (5 bytes)
Event: 386.112 Thread 0x000002bb1e3a2ea0 nmethod 41963 0x000002bb106a7608 code [0x000002bb106a7700, 0x000002bb106a77e0]
Event: 386.112 Thread 0x000002bb1e3a2ea0 41962   !   4       sun.nio.ch.FileChannelImpl::size (238 bytes)
Event: 386.116 Thread 0x000002bb1e3a2ea0 nmethod 41962 0x000002bb115d8488 code [0x000002bb115d8580, 0x000002bb115d94c8]
Event: 386.116 Thread 0x000002bb1e3a2ea0 41965  s!   4       sun.nio.ch.NativeThreadSet::signalAndWait (121 bytes)
Event: 386.117 Thread 0x000002bb1e3a2ea0 nmethod 41965 0x000002bb10fc8488 code [0x000002bb10fc8580, 0x000002bb10fc8798]

GC Heap Usage History (20 events):
Event: 382.631 {heap After GC invocations=218 (full 0):
 garbage-first heap   total reserved 3145728K, committed 1562624K, used 976145K [0x0000000740000000, 0x0000000800000000)
  region size 2048K, 20 young (40960K), 20 survivors (40960K)
}
Event: 382.950 {heap Before GC invocations=218 (full 0):
 garbage-first heap   total reserved 3145728K, committed 1562624K, used 1443089K [0x0000000740000000, 0x0000000800000000)
  region size 2048K, 249 young (509952K), 20 survivors (40960K)
}
Event: 382.982 {heap After GC invocations=219 (full 0):
 garbage-first heap   total reserved 3145728K, committed 1562624K, used 1017681K [0x0000000740000000, 0x0000000800000000)
  region size 2048K, 22 young (45056K), 22 survivors (45056K)
}
Event: 383.280 {heap Before GC invocations=219 (full 0):
 garbage-first heap   total reserved 3145728K, committed 1562624K, used 1451857K [0x0000000740000000, 0x0000000800000000)
  region size 2048K, 235 young (481280K), 22 survivors (45056K)
}
Event: 383.310 {heap After GC invocations=220 (full 0):
 garbage-first heap   total reserved 3145728K, committed 1562624K, used 1055043K [0x0000000740000000, 0x0000000800000000)
  region size 2048K, 19 young (38912K), 19 survivors (38912K)
}
Event: 383.629 {heap Before GC invocations=221 (full 0):
 garbage-first heap   total reserved 3145728K, committed 1755136K, used 1460547K [0x0000000740000000, 0x0000000800000000)
  region size 2048K, 220 young (450560K), 19 survivors (38912K)
}
Event: 383.655 {heap After GC invocations=222 (full 0):
 garbage-first heap   total reserved 3145728K, committed 1755136K, used 1086862K [0x0000000740000000, 0x0000000800000000)
  region size 2048K, 18 young (36864K), 18 survivors (36864K)
}
Event: 383.950 {heap Before GC invocations=222 (full 0):
 garbage-first heap   total reserved 3145728K, committed 1755136K, used 1625486K [0x0000000740000000, 0x0000000800000000)
  region size 2048K, 282 young (577536K), 18 survivors (36864K)
}
Event: 383.985 {heap After GC invocations=223 (full 0):
 garbage-first heap   total reserved 3145728K, committed 1755136K, used 1148486K [0x0000000740000000, 0x0000000800000000)
  region size 2048K, 36 young (73728K), 36 survivors (73728K)
}
Event: 384.236 {heap Before GC invocations=223 (full 0):
 garbage-first heap   total reserved 3145728K, committed 1755136K, used 1646150K [0x0000000740000000, 0x0000000800000000)
  region size 2048K, 275 young (563200K), 36 survivors (73728K)
}
Event: 384.288 {heap After GC invocations=224 (full 0):
 garbage-first heap   total reserved 3145728K, committed 2072576K, used 1218560K [0x0000000740000000, 0x0000000800000000)
  region size 2048K, 35 young (71680K), 35 survivors (71680K)
}
Event: 384.549 {heap Before GC invocations=224 (full 0):
 garbage-first heap   total reserved 3145728K, committed 2072576K, used 1857536K [0x0000000740000000, 0x0000000800000000)
  region size 2048K, 348 young (712704K), 35 survivors (71680K)
}
Event: 384.584 {heap After GC invocations=225 (full 0):
 garbage-first heap   total reserved 3145728K, committed 2072576K, used 1314816K [0x0000000740000000, 0x0000000800000000)
  region size 2048K, 44 young (90112K), 44 survivors (90112K)
}
Event: 384.945 {heap Before GC invocations=225 (full 0):
 garbage-first heap   total reserved 3145728K, committed 2072576K, used 1886208K [0x0000000740000000, 0x0000000800000000)
  region size 2048K, 324 young (663552K), 44 survivors (90112K)
}
Event: 384.990 {heap After GC invocations=226 (full 0):
 garbage-first heap   total reserved 3145728K, committed 2072576K, used 1394688K [0x0000000740000000, 0x0000000800000000)
  region size 2048K, 40 young (81920K), 40 survivors (81920K)
}
Event: 385.410 {heap Before GC invocations=227 (full 0):
 garbage-first heap   total reserved 3145728K, committed 2318336K, used 1906688K [0x0000000740000000, 0x0000000800000000)
  region size 2048K, 294 young (602112K), 40 survivors (81920K)
}
Event: 385.450 {heap After GC invocations=228 (full 0):
 garbage-first heap   total reserved 3145728K, committed 2318336K, used 1435648K [0x0000000740000000, 0x0000000800000000)
  region size 2048K, 25 young (51200K), 25 survivors (51200K)
}
Event: 385.768 {heap Before GC invocations=228 (full 0):
 garbage-first heap   total reserved 3145728K, committed 2318336K, used 2095104K [0x0000000740000000, 0x0000000800000000)
  region size 2048K, 348 young (712704K), 25 survivors (51200K)
}
Event: 385.800 {heap After GC invocations=229 (full 0):
 garbage-first heap   total reserved 3145728K, committed 2318336K, used 1498112K [0x0000000740000000, 0x0000000800000000)
  region size 2048K, 28 young (57344K), 28 survivors (57344K)
}
Event: 386.134 {heap Before GC invocations=229 (full 0):
 garbage-first heap   total reserved 3145728K, committed 2318336K, used 2135040K [0x0000000740000000, 0x0000000800000000)
  region size 2048K, 340 young (696320K), 28 survivors (57344K)
}

Metaspace Usage History (20 events):
Event: 382.631 {metaspace After GC invocations=218 (full 0):
 Metaspace       used 161930K, committed 167040K, reserved 1245184K
  class space    used 22186K, committed 24640K, reserved 1048576K
}
Event: 382.950 {metaspace Before GC invocations=218 (full 0):
 Metaspace       used 161930K, committed 167040K, reserved 1245184K
  class space    used 22186K, committed 24640K, reserved 1048576K
}
Event: 382.982 {metaspace After GC invocations=219 (full 0):
 Metaspace       used 161930K, committed 167040K, reserved 1245184K
  class space    used 22186K, committed 24640K, reserved 1048576K
}
Event: 383.280 {metaspace Before GC invocations=219 (full 0):
 Metaspace       used 161930K, committed 167040K, reserved 1245184K
  class space    used 22186K, committed 24640K, reserved 1048576K
}
Event: 383.310 {metaspace After GC invocations=220 (full 0):
 Metaspace       used 161930K, committed 167040K, reserved 1245184K
  class space    used 22186K, committed 24640K, reserved 1048576K
}
Event: 383.629 {metaspace Before GC invocations=221 (full 0):
 Metaspace       used 161930K, committed 167040K, reserved 1245184K
  class space    used 22186K, committed 24640K, reserved 1048576K
}
Event: 383.655 {metaspace After GC invocations=222 (full 0):
 Metaspace       used 161930K, committed 167040K, reserved 1245184K
  class space    used 22186K, committed 24640K, reserved 1048576K
}
Event: 383.950 {metaspace Before GC invocations=222 (full 0):
 Metaspace       used 161930K, committed 167040K, reserved 1245184K
  class space    used 22186K, committed 24640K, reserved 1048576K
}
Event: 383.985 {metaspace After GC invocations=223 (full 0):
 Metaspace       used 161930K, committed 167040K, reserved 1245184K
  class space    used 22186K, committed 24640K, reserved 1048576K
}
Event: 384.236 {metaspace Before GC invocations=223 (full 0):
 Metaspace       used 161930K, committed 167040K, reserved 1245184K
  class space    used 22186K, committed 24640K, reserved 1048576K
}
Event: 384.288 {metaspace After GC invocations=224 (full 0):
 Metaspace       used 161930K, committed 167040K, reserved 1245184K
  class space    used 22186K, committed 24640K, reserved 1048576K
}
Event: 384.549 {metaspace Before GC invocations=224 (full 0):
 Metaspace       used 161930K, committed 167040K, reserved 1245184K
  class space    used 22186K, committed 24640K, reserved 1048576K
}
Event: 384.584 {metaspace After GC invocations=225 (full 0):
 Metaspace       used 161930K, committed 167040K, reserved 1245184K
  class space    used 22186K, committed 24640K, reserved 1048576K
}
Event: 384.945 {metaspace Before GC invocations=225 (full 0):
 Metaspace       used 161930K, committed 167040K, reserved 1245184K
  class space    used 22186K, committed 24640K, reserved 1048576K
}
Event: 384.990 {metaspace After GC invocations=226 (full 0):
 Metaspace       used 161930K, committed 167040K, reserved 1245184K
  class space    used 22186K, committed 24640K, reserved 1048576K
}
Event: 385.410 {metaspace Before GC invocations=227 (full 0):
 Metaspace       used 161930K, committed 167040K, reserved 1245184K
  class space    used 22186K, committed 24640K, reserved 1048576K
}
Event: 385.450 {metaspace After GC invocations=228 (full 0):
 Metaspace       used 161930K, committed 167040K, reserved 1245184K
  class space    used 22186K, committed 24640K, reserved 1048576K
}
Event: 385.768 {metaspace Before GC invocations=228 (full 0):
 Metaspace       used 161930K, committed 167040K, reserved 1245184K
  class space    used 22186K, committed 24640K, reserved 1048576K
}
Event: 385.800 {metaspace After GC invocations=229 (full 0):
 Metaspace       used 161930K, committed 167040K, reserved 1245184K
  class space    used 22186K, committed 24640K, reserved 1048576K
}
Event: 386.134 {metaspace Before GC invocations=229 (full 0):
 Metaspace       used 161940K, committed 167040K, reserved 1245184K
  class space    used 22186K, committed 24640K, reserved 1048576K
}

Dll operation events (20 events):
Event: 0.151 Attempting to load shared library C:\Users\jenny\Java\jdk-25.0.4.1+1\bin\zip.dll
Event: 0.151 Loaded shared library C:\Users\jenny\Java\jdk-25.0.4.1+1\bin\zip.dll
Event: 0.249 Attempting to load shared library C:\Users\jenny\Java\jdk-25.0.4.1+1\bin\jimage.dll
Event: 0.249 Loaded shared library C:\Users\jenny\Java\jdk-25.0.4.1+1\bin\jimage.dll
Event: 0.423 Attempting to load shared library C:\Users\jenny\Java\jdk-25.0.4.1+1\bin\verify.dll
Event: 0.423 Loaded shared library C:\Users\jenny\Java\jdk-25.0.4.1+1\bin\verify.dll
Event: 0.438 Attempting to load shared library C:\Users\jenny\.gradle\native\660c5614fbf4a5f2a75b1949f50a0caf5cd603558e7d8a26e50b933a0cfb79d1\windows-amd64\native-platform.dll
Event: 0.439 Loaded shared library C:\Users\jenny\.gradle\native\660c5614fbf4a5f2a75b1949f50a0caf5cd603558e7d8a26e50b933a0cfb79d1\windows-amd64\native-platform.dll
Event: 0.446 Attempting to load shared library C:\Users\jenny\.gradle\native\0.2.8\x86_64-windows-gnu\gradle-fileevents.dll
Event: 0.492 Loaded shared library C:\Users\jenny\.gradle\native\0.2.8\x86_64-windows-gnu\gradle-fileevents.dll
Event: 28.927 Attempting to load shared library C:\Users\jenny\Java\jdk-25.0.4.1+1\bin\management.dll
Event: 28.927 Loaded shared library C:\Users\jenny\Java\jdk-25.0.4.1+1\bin\management.dll
Event: 28.929 Attempting to load shared library C:\Users\jenny\Java\jdk-25.0.4.1+1\bin\management_ext.dll
Event: 28.929 Loaded shared library C:\Users\jenny\Java\jdk-25.0.4.1+1\bin\management_ext.dll
Event: 29.033 Attempting to load shared library C:\Users\jenny\Java\jdk-25.0.4.1+1\bin\extnet.dll
Event: 29.033 Loaded shared library C:\Users\jenny\Java\jdk-25.0.4.1+1\bin\extnet.dll
Event: 29.221 Attempting to load shared library C:\Users\jenny\Java\jdk-25.0.4.1+1\bin\sunmscapi.dll
Event: 29.252 Loaded shared library C:\Users\jenny\Java\jdk-25.0.4.1+1\bin\sunmscapi.dll
Event: 32.697 Attempting to load shared library C:\Users\jenny\AppData\Local\Temp\jna-101011358\jna16843552507045077435.dll
Event: 32.770 Loaded shared library C:\Users\jenny\AppData\Local\Temp\jna-101011358\jna16843552507045077435.dll

Deoptimization events (20 events):
Event: 385.809 Thread 0x000002bb325b9ff0 Uncommon trap: trap_request=0xfffffff4 fr.pc=0x000002bb10f8a3c4 relative=0x00000000000004c4
Event: 385.809 Thread 0x000002bb325b9ff0 Uncommon trap: reason=null_check action=make_not_entrant pc=0x000002bb10f8a3c4 method=sun.nio.fs.WindowsPath.getPathForWin32Calls(Z)Ljava/lang/String; @ 42 c2
Event: 385.809 Thread 0x000002bb325b9ff0 DEOPT PACKING pc=0x000002bb10f8a3c4 sp=0x000000c59d7febc0
Event: 385.809 Thread 0x000002bb325b9ff0 DEOPT UNPACKING pc=0x000002bb0ffd1b82 sp=0x000000c59d7feb68 mode 2
Event: 385.809 Thread 0x000002bb325b22f0 Uncommon trap: trap_request=0xffffffde fr.pc=0x000002bb11079c54 relative=0x0000000000000a54
Event: 385.809 Thread 0x000002bb325b22f0 Uncommon trap: reason=class_check action=maybe_recompile pc=0x000002bb11079c54 method=java.util.concurrent.ConcurrentHashMap.replaceNode(Ljava/lang/Object;Ljava/lang/Object;Ljava/lang/Object;)Ljava/lang/Object; @ 147 c2
Event: 385.809 Thread 0x000002bb325b22f0 DEOPT PACKING pc=0x000002bb11079c54 sp=0x000000c59cefedd0
Event: 385.810 Thread 0x000002bb325b22f0 DEOPT UNPACKING pc=0x000002bb0ffd1b82 sp=0x000000c59cefed38 mode 2
Event: 385.810 Thread 0x000002bb325b80b0 Uncommon trap: trap_request=0xffffffde fr.pc=0x000002bb11079c54 relative=0x0000000000000a54
Event: 385.810 Thread 0x000002bb325b80b0 Uncommon trap: reason=class_check action=maybe_recompile pc=0x000002bb11079c54 method=java.util.concurrent.ConcurrentHashMap.replaceNode(Ljava/lang/Object;Ljava/lang/Object;Ljava/lang/Object;)Ljava/lang/Object; @ 147 c2
Event: 385.810 Thread 0x000002bb325b80b0 DEOPT PACKING pc=0x000002bb11079c54 sp=0x000000c59d3ff070
Event: 385.810 Thread 0x000002bb325b80b0 DEOPT UNPACKING pc=0x000002bb0ffd1b82 sp=0x000000c59d3fefd8 mode 2
Event: 385.812 Thread 0x000002bb325b1b20 Uncommon trap: trap_request=0xffffffde fr.pc=0x000002bb11079c54 relative=0x0000000000000a54
Event: 385.812 Thread 0x000002bb325b1b20 Uncommon trap: reason=class_check action=maybe_recompile pc=0x000002bb11079c54 method=java.util.concurrent.ConcurrentHashMap.replaceNode(Ljava/lang/Object;Ljava/lang/Object;Ljava/lang/Object;)Ljava/lang/Object; @ 147 c2
Event: 385.812 Thread 0x000002bb325b1b20 DEOPT PACKING pc=0x000002bb11079c54 sp=0x000000c59ccfedc0
Event: 385.812 Thread 0x000002bb325b1b20 DEOPT UNPACKING pc=0x000002bb0ffd1b82 sp=0x000000c59ccfed28 mode 2
Event: 385.813 Thread 0x000002bb325b51d0 Uncommon trap: trap_request=0xffffffde fr.pc=0x000002bb11079c54 relative=0x0000000000000a54
Event: 385.813 Thread 0x000002bb325b51d0 Uncommon trap: reason=class_check action=maybe_recompile pc=0x000002bb11079c54 method=java.util.concurrent.ConcurrentHashMap.replaceNode(Ljava/lang/Object;Ljava/lang/Object;Ljava/lang/Object;)Ljava/lang/Object; @ 147 c2
Event: 385.813 Thread 0x000002bb325b51d0 DEOPT PACKING pc=0x000002bb11079c54 sp=0x000000c59d5fefb0
Event: 385.813 Thread 0x000002bb325b51d0 DEOPT UNPACKING pc=0x000002bb0ffd1b82 sp=0x000000c59d5fef18 mode 2

Classes loaded (20 events):
Event: 377.187 Loading class java/util/Vector$1Customizer
Event: 377.187 Loading class java/util/Vector$1Customizer done
Event: 377.187 Loading class java/util/Vector$1Customizer
Event: 377.187 Loading class java/util/Vector$1Customizer done
Event: 377.189 Loading class java/util/AbstractMap$SimpleImmutableEntryBeanInfo
Event: 377.189 Loading class java/util/AbstractMap$SimpleImmutableEntryBeanInfo done
Event: 377.189 Loading class java/util/AbstractMap$SimpleImmutableEntryBeanInfo
Event: 377.189 Loading class java/util/AbstractMap$SimpleImmutableEntryBeanInfo done
Event: 377.189 Loading class java/util/AbstractMap$SimpleImmutableEntryCustomizer
Event: 377.189 Loading class java/util/AbstractMap$SimpleImmutableEntryCustomizer done
Event: 377.189 Loading class java/util/AbstractMap$SimpleImmutableEntryCustomizer
Event: 377.189 Loading class java/util/AbstractMap$SimpleImmutableEntryCustomizer done
Event: 378.533 Loading class java/lang/LayerInstantiationException
Event: 378.533 Loading class java/lang/LayerInstantiationException done
Event: 378.533 Loading class jdk/internal/loader/Loader
Event: 378.534 Loading class jdk/internal/loader/Loader done
Event: 378.585 Loading class java/nio/BufferUnderflowException
Event: 378.585 Loading class java/nio/BufferUnderflowException done
Event: 378.586 Loading class java/nio/ReadOnlyBufferException
Event: 378.587 Loading class java/nio/ReadOnlyBufferException done

Classes unloaded (20 events):
Event: 107.777 Thread 0x000002bb1e384f50 Unloading class 0x0000000097e5c400 'java/lang/invoke/LambdaForm$MH+0x0000000097e5c400'
Event: 107.777 Thread 0x000002bb1e384f50 Unloading class 0x0000000097e5bc00 'java/lang/invoke/LambdaForm$MH+0x0000000097e5bc00'
Event: 107.777 Thread 0x000002bb1e384f50 Unloading class 0x0000000097e5b000 'java/lang/invoke/LambdaForm$MH+0x0000000097e5b000'
Event: 107.777 Thread 0x000002bb1e384f50 Unloading class 0x0000000097e5ac00 'java/lang/invoke/LambdaForm$MH+0x0000000097e5ac00'
Event: 107.777 Thread 0x000002bb1e384f50 Unloading class 0x0000000097e5a800 'java/lang/invoke/LambdaForm$MH+0x0000000097e5a800'
Event: 107.777 Thread 0x000002bb1e384f50 Unloading class 0x0000000097e5a400 'java/lang/invoke/LambdaForm$MH+0x0000000097e5a400'
Event: 107.777 Thread 0x000002bb1e384f50 Unloading class 0x0000000097e59c00 'java/lang/invoke/LambdaForm$MH+0x0000000097e59c00'
Event: 107.777 Thread 0x000002bb1e384f50 Unloading class 0x0000000097e59400 'java/lang/invoke/LambdaForm$MH+0x0000000097e59400'
Event: 107.777 Thread 0x000002bb1e384f50 Unloading class 0x0000000097e58c00 'java/lang/invoke/LambdaForm$MH+0x0000000097e58c00'
Event: 111.271 Thread 0x000002bb1e384f50 Unloading class 0x0000000098297000 'java/lang/invoke/LambdaForm$MH+0x0000000098297000'
Event: 111.271 Thread 0x000002bb1e384f50 Unloading class 0x0000000098296c00 'java/lang/invoke/LambdaForm$MH+0x0000000098296c00'
Event: 111.271 Thread 0x000002bb1e384f50 Unloading class 0x0000000098296800 'java/lang/invoke/LambdaForm$MH+0x0000000098296800'
Event: 111.271 Thread 0x000002bb1e384f50 Unloading class 0x0000000098296400 'java/lang/invoke/LambdaForm$MH+0x0000000098296400'
Event: 111.271 Thread 0x000002bb1e384f50 Unloading class 0x0000000098296000 'java/lang/invoke/LambdaForm$MH+0x0000000098296000'
Event: 111.271 Thread 0x000002bb1e384f50 Unloading class 0x0000000098295c00 'java/lang/invoke/LambdaForm$MH+0x0000000098295c00'
Event: 111.271 Thread 0x000002bb1e384f50 Unloading class 0x0000000098295400 'java/lang/invoke/LambdaForm$MH+0x0000000098295400'
Event: 253.474 Thread 0x000002bb1e384f50 Unloading class 0x00000000982ea000 'java/lang/invoke/LambdaForm$MH+0x00000000982ea000'
Event: 253.474 Thread 0x000002bb1e384f50 Unloading class 0x00000000982e9c00 'java/lang/invoke/LambdaForm$MH+0x00000000982e9c00'
Event: 253.474 Thread 0x000002bb1e384f50 Unloading class 0x00000000982e9800 'java/lang/invoke/LambdaForm$MH+0x00000000982e9800'
Event: 308.302 Thread 0x000002bb1e384f50 Unloading class 0x0000000098600400 'java/lang/invoke/LambdaForm$MH+0x0000000098600400'

Classes redefined (0 events):
No events

Internal exceptions (20 events):
Event: 379.001 Thread 0x000002bb302f5d70 Exception <a 'sun/nio/fs/WindowsException'{0x00000007612f3e20}> (0x00000007612f3e20) 
thrown [s\src\hotspot\share\prims\jni.cpp, line 516]
Event: 379.002 Thread 0x000002bb302f8c50 Exception <a 'sun/nio/fs/WindowsException'{0x000000076115ddd8}> (0x000000076115ddd8) 
thrown [s\src\hotspot\share\prims\jni.cpp, line 516]
Event: 379.003 Thread 0x000002bb325b1350 Exception <a 'sun/nio/fs/WindowsException'{0x000000076152b930}> (0x000000076152b930) 
thrown [s\src\hotspot\share\prims\jni.cpp, line 516]
Event: 379.003 Thread 0x000002bb325b4230 Exception <a 'sun/nio/fs/WindowsException'{0x00000007615ed668}> (0x00000007615ed668) 
thrown [s\src\hotspot\share\prims\jni.cpp, line 516]
Event: 379.004 Thread 0x000002bb302f8c50 Exception <a 'sun/nio/fs/WindowsException'{0x0000000761161058}> (0x0000000761161058) 
thrown [s\src\hotspot\share\prims\jni.cpp, line 516]
Event: 379.004 Thread 0x000002bb325b4a00 Exception <a 'sun/nio/fs/WindowsException'{0x00000007610b5b68}> (0x00000007610b5b68) 
thrown [s\src\hotspot\share\prims\jni.cpp, line 516]
Event: 379.004 Thread 0x000002bb325b80b0 Exception <a 'sun/nio/fs/WindowsException'{0x00000007616fc050}> (0x00000007616fc050) 
thrown [s\src\hotspot\share\prims\jni.cpp, line 516]
Event: 379.004 Thread 0x000002bb325adca0 Exception <a 'sun/nio/fs/WindowsException'{0x0000000761c6eab8}> (0x0000000761c6eab8) 
thrown [s\src\hotspot\share\prims\jni.cpp, line 516]
Event: 379.004 Thread 0x000002bb325b6940 Exception <a 'sun/nio/fs/WindowsException'{0x0000000760eafa80}> (0x0000000760eafa80) 
thrown [s\src\hotspot\share\prims\jni.cpp, line 516]
Event: 379.004 Thread 0x000002bb325aa5f0 Exception <a 'sun/nio/fs/WindowsException'{0x0000000760d08b30}> (0x0000000760d08b30) 
thrown [s\src\hotspot\share\prims\jni.cpp, line 516]
Event: 379.005 Thread 0x000002bb325b1b20 Exception <a 'sun/nio/fs/WindowsException'{0x0000000760a26ec8}> (0x0000000760a26ec8) 
thrown [s\src\hotspot\share\prims\jni.cpp, line 516]
Event: 379.005 Thread 0x000002bb325b3a60 Exception <a 'sun/nio/fs/WindowsException'{0x000000076101a1d0}> (0x000000076101a1d0) 
thrown [s\src\hotspot\share\prims\jni.cpp, line 516]
Event: 379.005 Thread 0x000002bb325b1350 Exception <a 'sun/nio/fs/WindowsException'{0x000000076152eb28}> (0x000000076152eb28) 
thrown [s\src\hotspot\share\prims\jni.cpp, line 516]
Event: 379.005 Thread 0x000002bb325b22f0 Exception <a 'sun/nio/fs/WindowsException'{0x0000000760dbeb78}> (0x0000000760dbeb78) 
thrown [s\src\hotspot\share\prims\jni.cpp, line 516]
Event: 379.005 Thread 0x000002bb325b9ff0 Exception <a 'sun/nio/fs/WindowsException'{0x0000000761065930}> (0x0000000761065930) 
thrown [s\src\hotspot\share\prims\jni.cpp, line 516]
Event: 379.005 Thread 0x000002bb302effb0 Exception <a 'sun/nio/fs/WindowsException'{0x00000007612db948}> (0x00000007612db948) 
thrown [s\src\hotspot\share\prims\jni.cpp, line 516]
Event: 379.005 Thread 0x000002bb325b9050 Exception <a 'sun/nio/fs/WindowsException'{0x0000000761237a30}> (0x0000000761237a30) 
thrown [s\src\hotspot\share\prims\jni.cpp, line 516]
Event: 379.006 Thread 0x000002bb325a9e20 Exception <a 'sun/nio/fs/WindowsException'{0x000000076112d528}> (0x000000076112d528) 
thrown [s\src\hotspot\share\prims\jni.cpp, line 516]
Event: 385.803 Thread 0x000002bb302f0f50 Implicit null exception at 0x000002bb11a45732 to 0x000002bb11a45934
Event: 385.809 Thread 0x000002bb325b9ff0 Implicit null exception at 0x000002bb10f89f74 to 0x000002bb10f8a3b4

VM Operations (20 events):
Event: 383.655 Executing safepoint VM operation: G1CollectForAllocation (G1 Evacuation Pause) done
Event: 383.690 Executing safepoint VM operation: G1PauseCleanup
Event: 383.690 Executing safepoint VM operation: G1PauseCleanup done
Event: 383.950 Executing safepoint VM operation: G1CollectForAllocation (G1 Evacuation Pause)
Event: 383.985 Executing safepoint VM operation: G1CollectForAllocation (G1 Evacuation Pause) done
Event: 384.236 Executing safepoint VM operation: G1CollectForAllocation (G1 Evacuation Pause)
Event: 384.288 Executing safepoint VM operation: G1CollectForAllocation (G1 Evacuation Pause) done
Event: 384.549 Executing safepoint VM operation: G1CollectForAllocation (G1 Evacuation Pause)
Event: 384.584 Executing safepoint VM operation: G1CollectForAllocation (G1 Evacuation Pause) done
Event: 384.945 Executing safepoint VM operation: G1CollectForAllocation (G1 Evacuation Pause)
Event: 384.990 Executing safepoint VM operation: G1CollectForAllocation (G1 Evacuation Pause) done
Event: 385.236 Executing safepoint VM operation: G1PauseRemark
Event: 385.295 Executing safepoint VM operation: G1PauseRemark done
Event: 385.410 Executing safepoint VM operation: G1CollectForAllocation (G1 Evacuation Pause)
Event: 385.450 Executing safepoint VM operation: G1CollectForAllocation (G1 Evacuation Pause) done
Event: 385.541 Executing safepoint VM operation: G1PauseCleanup
Event: 385.541 Executing safepoint VM operation: G1PauseCleanup done
Event: 385.768 Executing safepoint VM operation: G1CollectForAllocation (G1 Evacuation Pause)
Event: 385.800 Executing safepoint VM operation: G1CollectForAllocation (G1 Evacuation Pause) done
Event: 386.134 Executing safepoint VM operation: G1CollectForAllocation (G1 Evacuation Pause)

Memory protections (0 events):
No events

Nmethod flushes (20 events):
Event: 383.510 Thread 0x000002bb1e384f50 flushing  nmethod 0x000002bb0a111188
Event: 383.510 Thread 0x000002bb1e384f50 flushing  nmethod 0x000002bb11a5ae88
Event: 383.510 Thread 0x000002bb1e384f50 flushing  nmethod 0x000002bb08e19a08
Event: 383.510 Thread 0x000002bb1e384f50 flushing  nmethod 0x000002bb08fac388
Event: 383.510 Thread 0x000002bb1e384f50 flushing  nmethod 0x000002bb0902f088
Event: 383.510 Thread 0x000002bb1e384f50 flushing  nmethod 0x000002bb091e9f88
Event: 385.242 Thread 0x000002bb1e384f50 flushing  nmethod 0x000002bb094ba988
Event: 385.242 Thread 0x000002bb1e384f50 flushing osr nmethod 0x000002bb096cee88
Event: 385.242 Thread 0x000002bb1e384f50 flushing  nmethod 0x000002bb09c53808
Event: 385.242 Thread 0x000002bb1e384f50 flushing  nmethod 0x000002bb118c7008
Event: 385.242 Thread 0x000002bb1e384f50 flushing  nmethod 0x000002bb10711508
Event: 385.242 Thread 0x000002bb1e384f50 flushing  nmethod 0x000002bb09801288
Event: 385.242 Thread 0x000002bb1e384f50 flushing  nmethod 0x000002bb08e69208
Event: 385.242 Thread 0x000002bb1e384f50 flushing  nmethod 0x000002bb0963a008
Event: 385.242 Thread 0x000002bb1e384f50 flushing  nmethod 0x000002bb111fa008
Event: 385.242 Thread 0x000002bb1e384f50 flushing  nmethod 0x000002bb11a22e88
Event: 385.242 Thread 0x000002bb1e384f50 flushing  nmethod 0x000002bb0943e388
Event: 385.242 Thread 0x000002bb1e384f50 flushing  nmethod 0x000002bb09dc3d88
Event: 385.242 Thread 0x000002bb1e384f50 flushing  nmethod 0x000002bb09188e88
Event: 385.242 Thread 0x000002bb1e384f50 flushing  nmethod 0x000002bb094a1488

Events (20 events):
Event: 378.574 Thread 0x000002bb325ab590 Thread added: 0x000002bb325b9ff0
Event: 378.574 Thread 0x000002bb325ab590 Thread added: 0x000002bb302effb0
Event: 378.574 Thread 0x000002bb325ab590 Thread added: 0x000002bb302f0f50
Event: 378.574 Thread 0x000002bb325ab590 Thread added: 0x000002bb302f5d70
Event: 378.574 Thread 0x000002bb325ab590 Thread added: 0x000002bb302f8c50
Event: 378.574 Thread 0x000002bb325ab590 Thread added: 0x000002bb302f55a0
Event: 378.575 Thread 0x000002bb325ab590 Thread added: 0x000002bb2a35dd20
Event: 378.763 Thread 0x000002bb3162bf70 Thread added: 0x000002bb315e0c30
Event: 378.763 Thread 0x000002bb3162bf70 Thread added: 0x000002bb315dfc10
Event: 379.306 Thread 0x000002bb315dfc10 Thread exited: 0x000002bb315dfc10
Event: 379.315 Thread 0x000002bb315e0c30 Thread exited: 0x000002bb315e0c30
Event: 379.906 Thread 0x000002bb2938fec0 Thread added: 0x000002bb33db07d0
Event: 379.916 Thread 0x000002bb322d7a00 Thread added: 0x000002bb25c3e310
Event: 381.133 Thread 0x000002bb25c3e310 Thread exited: 0x000002bb25c3e310
Event: 381.386 Thread 0x000002bb33db07d0 Thread exited: 0x000002bb33db07d0
Event: 381.386 Thread 0x000002bb322d8a20 Thread exited: 0x000002bb322d8a20
Event: 381.555 Thread 0x000002bb3162bf70 Thread exited: 0x000002bb3162bf70
Event: 382.148 Thread 0x000002bb322d7a00 Thread exited: 0x000002bb322d7a00
Event: 382.148 Thread 0x000002bb293906d0 Thread exited: 0x000002bb293906d0
Event: 382.676 Thread 0x000002bb2938fec0 Thread exited: 0x000002bb2938fec0


Dynamic libraries:
0x00007ff7eab10000 - 0x00007ff7eab1e000 	C:\Users\jenny\Java\jdk-25.0.4.1+1\bin\java.exe
0x00007fff14380000 - 0x00007fff145e7000 	C:\Windows\SYSTEM32\ntdll.dll
0x00007fff13340000 - 0x00007fff1340b000 	C:\Windows\System32\KERNEL32.DLL
0x00007fff11960000 - 0x00007fff11d62000 	C:\Windows\System32\KERNELBASE.dll
0x00007fff11670000 - 0x00007fff117bc000 	C:\Windows\System32\ucrtbase.dll
0x00007ffef1fe0000 - 0x00007ffef1ff6000 	C:\Users\jenny\Java\jdk-25.0.4.1+1\bin\jli.dll
0x00007ffef9300000 - 0x00007ffef931e000 	C:\Users\jenny\Java\jdk-25.0.4.1+1\bin\VCRUNTIME140.dll
0x00007fff120a0000 - 0x00007fff1226f000 	C:\Windows\System32\USER32.dll
0x00007fff11640000 - 0x00007fff11667000 	C:\Windows\System32\win32u.dll
0x00007fff12330000 - 0x00007fff1235b000 	C:\Windows\System32\GDI32.dll
0x00007ffef23a0000 - 0x00007ffef2630000 	C:\Windows\WinSxS\amd64_microsoft.windows.common-controls_6595b64144ccf1df_6.0.26100.9278_none_3e0d1ba8e3303201\COMCTL32.dll
0x00007fff11eb0000 - 0x00007fff11fd9000 	C:\Windows\System32\gdi32full.dll
0x00007fff12280000 - 0x00007fff12329000 	C:\Windows\System32\msvcrt.dll
0x00007fff11d70000 - 0x00007fff11e13000 	C:\Windows\System32\msvcp_win.dll
0x00007fff13f90000 - 0x00007fff13fc1000 	C:\Windows\System32\IMM32.DLL
0x00007ffef8ba0000 - 0x00007ffef8bac000 	C:\Users\jenny\Java\jdk-25.0.4.1+1\bin\vcruntime140_1.dll
0x00007ffec3120000 - 0x00007ffec31ad000 	C:\Users\jenny\Java\jdk-25.0.4.1+1\bin\msvcp140.dll
0x00007ffe232a0000 - 0x00007ffe241d1000 	C:\Users\jenny\Java\jdk-25.0.4.1+1\bin\server\jvm.dll
0x00007fff13fd0000 - 0x00007fff1408c000 	C:\Windows\System32\ADVAPI32.dll
0x00007fff13de0000 - 0x00007fff13e89000 	C:\Windows\System32\sechost.dll
0x00007fff12e40000 - 0x00007fff12f58000 	C:\Windows\System32\RPCRT4.dll
0x00007fff142b0000 - 0x00007fff14330000 	C:\Windows\System32\WS2_32.dll
0x00007fff10090000 - 0x00007fff100ee000 	C:\Windows\SYSTEM32\POWRPROF.dll
0x00007fff0df50000 - 0x00007fff0df86000 	C:\Windows\SYSTEM32\WINMM.dll
0x00007fff0a180000 - 0x00007fff0a18b000 	C:\Windows\SYSTEM32\VERSION.dll
0x00007fff10070000 - 0x00007fff10085000 	C:\Windows\SYSTEM32\UMPDC.dll
0x00007fff102d0000 - 0x00007fff102eb000 	C:\Windows\SYSTEM32\kernel.appcore.dll
0x00007ffedb800000 - 0x00007ffedb80a000 	C:\Users\jenny\Java\jdk-25.0.4.1+1\bin\jimage.dll
0x00007fff0e9a0000 - 0x00007fff0ebec000 	C:\Windows\SYSTEM32\DBGHELP.DLL
0x00007fff12f60000 - 0x00007fff132e5000 	C:\Windows\System32\combase.dll
0x00007fff13bb0000 - 0x00007fff13c89000 	C:\Windows\System32\OLEAUT32.dll
0x00007fff085f0000 - 0x00007fff0862b000 	C:\Windows\SYSTEM32\dbgcore.DLL
0x00007fff11580000 - 0x00007fff1162c000 	C:\Windows\System32\bcryptPrimitives.dll
0x00007ffece5c0000 - 0x00007ffece5cf000 	C:\Users\jenny\Java\jdk-25.0.4.1+1\bin\instrument.dll
0x00007ffed9750000 - 0x00007ffed976e000 	C:\Users\jenny\Java\jdk-25.0.4.1+1\bin\java.dll
0x00007fff124c0000 - 0x00007fff1265a000 	C:\Windows\System32\ole32.dll
0x00007fff13410000 - 0x00007fff13ba8000 	C:\Windows\System32\SHELL32.dll
0x00007fff0efd0000 - 0x00007fff0f87e000 	C:\Windows\SYSTEM32\windows.storage.dll
0x00007fff12b60000 - 0x00007fff12c5b000 	C:\Windows\System32\SHCORE.dll
0x00007fff12af0000 - 0x00007fff12b56000 	C:\Windows\System32\shlwapi.dll
0x00007fff114a0000 - 0x00007fff114c9000 	C:\Windows\SYSTEM32\profapi.dll
0x00007ffed5020000 - 0x00007ffed5036000 	C:\Users\jenny\Java\jdk-25.0.4.1+1\bin\zip.dll
0x00007ffed6ce0000 - 0x00007ffed6cf1000 	C:\Users\jenny\Java\jdk-25.0.4.1+1\bin\net.dll
0x00007fff10930000 - 0x00007fff1099c000 	C:\Windows\system32\mswsock.dll
0x00007ffed6550000 - 0x00007ffed6566000 	C:\Users\jenny\Java\jdk-25.0.4.1+1\bin\nio.dll
0x00007ffecf3a0000 - 0x00007ffecf3b0000 	C:\Users\jenny\Java\jdk-25.0.4.1+1\bin\verify.dll
0x00007ffebf4f0000 - 0x00007ffebf517000 	C:\Users\jenny\.gradle\native\660c5614fbf4a5f2a75b1949f50a0caf5cd603558e7d8a26e50b933a0cfb79d1\windows-amd64\native-platform.dll
0x00007ffe96fd0000 - 0x00007ffe97047000 	C:\Users\jenny\.gradle\native\0.2.8\x86_64-windows-gnu\gradle-fileevents.dll
0x00007ffed6770000 - 0x00007ffed677a000 	C:\Users\jenny\Java\jdk-25.0.4.1+1\bin\management.dll
0x00007ffecf520000 - 0x00007ffecf52c000 	C:\Users\jenny\Java\jdk-25.0.4.1+1\bin\management_ext.dll
0x00007fff13ca0000 - 0x00007fff13ca8000 	C:\Windows\System32\PSAPI.DLL
0x00007fff0fdc0000 - 0x00007fff0fdf3000 	C:\Windows\SYSTEM32\IPHLPAPI.DLL
0x00007fff13d70000 - 0x00007fff13d7a000 	C:\Windows\System32\NSI.dll
0x00007ffecf280000 - 0x00007ffecf289000 	C:\Users\jenny\Java\jdk-25.0.4.1+1\bin\extnet.dll
0x00007fff10c20000 - 0x00007fff10c3b000 	C:\Windows\SYSTEM32\CRYPTSP.dll
0x00007fff102f0000 - 0x00007fff10329000 	C:\Windows\system32\rsaenh.dll
0x00007fff109e0000 - 0x00007fff10a14000 	C:\Windows\SYSTEM32\USERENV.dll
0x00007fff11470000 - 0x00007fff1149a000 	C:\Windows\SYSTEM32\bcrypt.dll
0x00007fff10c40000 - 0x00007fff10c4c000 	C:\Windows\SYSTEM32\CRYPTBASE.dll
0x00007ffece590000 - 0x00007ffece59e000 	C:\Users\jenny\Java\jdk-25.0.4.1+1\bin\sunmscapi.dll
0x00007fff117d0000 - 0x00007fff1194e000 	C:\Windows\System32\CRYPT32.dll
0x00007fff10e60000 - 0x00007fff10e90000 	C:\Windows\SYSTEM32\ncrypt.dll
0x00007fff10e10000 - 0x00007fff10e4f000 	C:\Windows\SYSTEM32\NTASN1.dll
0x00007fff06be0000 - 0x00007fff06be8000 	C:\Windows\system32\wshunix.dll
0x00007ffed2e70000 - 0x00007ffed2e88000 	C:\Windows\system32\napinsp.dll
0x00007fff0fe00000 - 0x00007fff0ff58000 	C:\Windows\SYSTEM32\DNSAPI.dll
0x00007fff10710000 - 0x00007fff1071d000 	C:\Windows\SYSTEM32\DSPARSE.dll
0x00007ffed2e50000 - 0x00007ffed2e63000 	C:\Windows\System32\winrnr.dll
0x00007ffec57d0000 - 0x00007ffec57f7000 	C:\Windows\system32\nlansp_c.dll
0x00007ffeca670000 - 0x00007ffeca686000 	C:\Windows\system32\wshbth.dll
0x00007fff0a1d0000 - 0x00007fff0a1db000 	C:\Windows\System32\rasadhlp.dll
0x00007fff0b3d0000 - 0x00007fff0b456000 	C:\Windows\System32\fwpuclnt.dll
0x00007ffe93370000 - 0x00007ffe933b9000 	C:\Users\jenny\AppData\Local\Temp\jna-101011358\jna16843552507045077435.dll
0x00007fff13cb0000 - 0x00007fff13d5e000 	C:\Windows\System32\clbcatq.dll
0x00007fff06d90000 - 0x00007fff06dad000 	C:\Windows\SYSTEM32\amsi.dll
0x00007ffef76d0000 - 0x00007ffef7774000 	C:\ProgramData\Microsoft\Windows Defender\Platform\4.18.26080.4-0\MpOav.dll
0x00007ffef60f0000 - 0x00007ffef6148000 	C:\Windows\SYSTEM32\Pdh.dll
0x00007ffec77b0000 - 0x00007ffec77c1000 	C:\Windows\System32\perfdisk.dll
0x00007fff0a1e0000 - 0x00007fff0a1f3000 	C:\Windows\System32\WMICLNT.dll
0x00007fff0db20000 - 0x00007fff0dbc8000 	C:\Windows\system32\uxtheme.dll
0x00007fff11200000 - 0x00007fff11252000 	C:\Windows\SYSTEM32\cfgmgr32.dll
0x00007fff0bd40000 - 0x00007fff0bd52000 	C:\Windows\System32\perfproc.dll
0x00007fff0d9d0000 - 0x00007fff0d9fa000 	C:\Windows\SYSTEM32\Wtsapi32.dll
0x00007fff10630000 - 0x00007fff10679000 	C:\Windows\SYSTEM32\SspiCli.dll
0x00007fff0fbe0000 - 0x00007fff0fc44000 	C:\Windows\SYSTEM32\WINSTA.dll
0x000002bb1ed90000 - 0x000002bb1ed93000 	C:\Windows\SYSTEM32\Security.dll
0x00007fff104a0000 - 0x00007fff104d6000 	C:\Windows\SYSTEM32\ntmarta.dll

JVMTI agents:
C:\Users\jenny\.gradle\wrapper\dists\gradle-9.7.1-bin\1w1c7tv4s851m17nbqdsro2tv\gradle-9.7.1\lib\agents\gradle-instrumentation-agent-9.7.1.jar path:C:\Users\jenny\Java\jdk-25.0.4.1+1\bin\instrument.dll, loaded, initialized, instrumentlib options:none

dbghelp: loaded successfully - version: 4.0.5 - missing functions: none
symbol engine: initialized successfully - sym options: 0x614 - pdb path: .;C:\Users\jenny\Java\jdk-25.0.4.1+1\bin;C:\Windows\SYSTEM32;C:\Windows\WinSxS\amd64_microsoft.windows.common-controls_6595b64144ccf1df_6.0.26100.9278_none_3e0d1ba8e3303201;C:\Users\jenny\Java\jdk-25.0.4.1+1\bin\server;C:\Users\jenny\.gradle\native\660c5614fbf4a5f2a75b1949f50a0caf5cd603558e7d8a26e50b933a0cfb79d1\windows-amd64;C:\Users\jenny\.gradle\native\0.2.8\x86_64-windows-gnu;C:\Users\jenny\AppData\Local\Temp\jna-101011358;C:\ProgramData\Microsoft\Windows Defender\Platform\4.18.26080.4-0

VM Arguments:
jvm_args: --add-opens=java.base/java.lang=ALL-UNNAMED --add-opens=java.base/java.lang.invoke=ALL-UNNAMED --add-opens=java.base/java.util=ALL-UNNAMED --add-opens=java.prefs/java.util.prefs=ALL-UNNAMED --add-exports=jdk.compiler/com.sun.tools.javac.api=ALL-UNNAMED --add-exports=jdk.compiler/com.sun.tools.javac.util=ALL-UNNAMED --add-opens=java.base/java.nio.charset=ALL-UNNAMED --add-opens=java.base/java.net=ALL-UNNAMED --add-opens=java.base/java.util.concurrent=ALL-UNNAMED --add-opens=java.base/java.util.concurrent.atomic=ALL-UNNAMED --add-opens=java.xml/javax.xml.namespace=ALL-UNNAMED --add-opens=java.base/java.time=ALL-UNNAMED --enable-native-access=ALL-UNNAMED --add-exports=jdk.compiler/com.sun.tools.javac.api=ALL-UNNAMED --add-exports=jdk.compiler/com.sun.tools.javac.file=ALL-UNNAMED --add-exports=jdk.compiler/com.sun.tools.javac.parser=ALL-UNNAMED --add-exports=jdk.compiler/com.sun.tools.javac.tree=ALL-UNNAMED --add-exports=jdk.compiler/com.sun.tools.javac.util=ALL-UNNAMED --add-exports=java.naming/com.sun.jndi.ldap=ALL-UNNAMED --add-opens=java.base/java.lang=ALL-UNNAMED --add-opens=java.base/java.lang.invoke=ALL-UNNAMED --add-opens=java.base/java.io=ALL-UNNAMED --add-opens=java.base/java.security=ALL-UNNAMED --add-opens=java.base/java.util=ALL-UNNAMED --add-opens=java.management/javax.management=ALL-UNNAMED --add-opens=java.naming/javax.naming=ALL-UNNAMED --add-opens=java.rmi/sun.rmi.transport=null -Xmx3g -Dfile.encoding=UTF-8 -Duser.country=TW -Duser.language=zh -Duser.variant -javaagent:C:\Users\jenny\.gradle\wrapper\dists\gradle-9.7.1-bin\1w1c7tv4s851m17nbqdsro2tv\gradle-9.7.1\lib\agents\gradle-instrumentation-agent-9.7.1.jar 
java_command: org.gradle.launcher.daemon.bootstrap.GradleDaemon 9.7.1
java_class_path (initial): C:\Users\jenny\.gradle\wrapper\dists\gradle-9.7.1-bin\1w1c7tv4s851m17nbqdsro2tv\gradle-9.7.1\lib\gradle-daemon-main-9.7.1.jar
Launcher Type: SUN_STANDARD

[Global flags]
     intx CICompilerCount                          = 12                                        {product} {ergonomic}
     uint ConcGCThreads                            = 3                                         {product} {ergonomic}
     uint G1ConcRefinementThreads                  = 13                                        {product} {ergonomic}
   size_t G1HeapRegionSize                         = 2097152                                   {product} {ergonomic}
   size_t InitialHeapSize                          = 262144000                                 {product} {ergonomic}
   size_t MarkStackSize                            = 4194304                                   {product} {ergonomic}
   size_t MarkStackSizeMax                         = 536870912                                 {product} {ergonomic}
   size_t MaxHeapSize                              = 3221225472                                {product} {command line}
   size_t MaxNewSize                               = 1931476992                                {product} {ergonomic}
   size_t MinHeapDeltaBytes                        = 2097152                                   {product} {ergonomic}
   size_t MinHeapSize                              = 8388608                                   {product} {ergonomic}
    uintx NonNMethodCodeHeapSize                   = 7667712                                {pd product} {ergonomic}
    uintx NonProfiledCodeHeapSize                  = 122028032                              {pd product} {ergonomic}
    uintx ProfiledCodeHeapSize                     = 122028032                              {pd product} {ergonomic}
    uintx ReservedCodeCacheSize                    = 251723776                              {pd product} {ergonomic}
     bool SegmentedCodeCache                       = true                                      {product} {ergonomic}
   size_t SoftMaxHeapSize                          = 3221225472                             {manageable} {ergonomic}
     bool UseCompressedOops                        = true                           {product lp64_product} {ergonomic}
     bool UseG1GC                                  = true                                      {product} {ergonomic}
     bool UseLargePagesIndividualAllocation        = false                                  {pd product} {ergonomic}

Logging:
Log output configuration:
 #0: stdout all=warning uptime,level,tags foldmultilines=false
 #1: stderr all=off uptime,level,tags foldmultilines=false

Release file:
IMPLEMENTOR="Eclipse Adoptium" 
IMPLEMENTOR_VERSION="Temurin-25.0.4.1+1" 
JAVA_RUNTIME_VERSION="25.0.4.1+1-LTS" 
JAVA_VERSION="25.0.4.1" 
JAVA_VERSION_DATE="2026-08-18" 
LIBC="default" 
MODULES="java.base java.compiler java.datatransfer java.xml java.prefs java.desktop java.instrument java.logging java.management java.security.sasl java.naming java.rmi java.management.rmi java.net.http java.scripting java.security.jgss java.transaction.xa java.sql java.sql.rowset java.xml.crypto java.se java.smartcardio jdk.accessibility jdk.internal.jvmstat jdk.attach jdk.charsets jdk.internal.opt jdk.zipfs jdk.compiler jdk.crypto.cryptoki jdk.crypto.ec jdk.crypto.mscapi jdk.dynalink jdk.internal.ed jdk.editpad jdk.internal.vm.ci jdk.graal.compiler jdk.graal.compiler.management jdk.hotspot.agent jdk.httpserver jdk.incubator.vector jdk.internal.le jdk.internal.md jdk.jartool jdk.javadoc jdk.jcmd jdk.management jdk.management.agent jdk.jconsole jdk.jdeps jdk.jdwp.agent jdk.jdi jdk.jfr jdk.jlink jdk.jpackage jdk.jshell jdk.jsobject jdk.jstatd jdk.localedata jdk.management.jfr jdk.naming.dns jdk.naming.rmi jdk.net jdk.nio.mapmode jdk.sctp jdk.security.auth jdk.security.jgss jdk.unsupported jdk.unsupported.desktop jdk.xml.dom" 
OS_ARCH="x86_64" 
OS_NAME="Windows" 
SOURCE=".:git:520406d87195" 
BUILD_SOURCE="git:e6ba7dec3d07654074559310376a3ae89da5f4ac"
BUILD_SOURCE_REPO="https://github.com/adoptium/temurin-build.git"
SOURCE_REPO="https://github.com/adoptium/jdk25u.git"
FULL_VERSION="25.0.4.1+1-LTS"
SEMANTIC_VERSION="25.0.4.1+1"
BUILD_INFO="OS: Windows Server 2022 Version: 10.0"
JVM_VARIANT="Hotspot"
JVM_VERSION="25.0.4.1+1-LTS"
IMAGE_TYPE="JDK"

Environment Variables:
JAVA_HOME=C:/Users/jenny/Java/jdk-25.0.4.1+1
PATH=C:\Users\jenny\Java\jdk-21.0.12.1+1\bin;C:\Users\jenny\bin;C:\Program Files\Git\mingw64\bin;C:\Program Files\Git\usr\local\bin;C:\Program Files\Git\usr\bin;C:\Program Files\Git\usr\bin;C:\Program Files\Git\mingw64\bin;C:\Program Files\Git\usr\bin;C:\Users\jenny\bin;C:\Program Files (x86)\Microsoft SDKs\Azure\CLI2\wbin;C:\Program Files\NVIDIA GPU Computing Toolkit\CUDA\v13.0\bin\x64;C:\Program Files\NVIDIA GPU Computing Toolkit\CUDA\v13.0\bin;C:\Program Files (x86)\Common Files\Oracle\Java\java8path;C:\Program Files (x86)\Common Files\Oracle\Java\javapath;C:\Windows\system32;C:\Windows;C:\Windows\System32\Wbem;C:\Windows\System32\WindowsPowerShell\v1.0;C:\Windows\System32\OpenSSH;C:\Program Files (x86)\NVIDIA Corporation\PhysX\Common;C:\Program Files\NVIDIA Corporation\NVIDIA App\NvDLISR;C:\Program Files\dotnet;C:\Users\jenny\AppData\Roaming\nvm;C:\Program Files\nodejs;C:\Program Files\Git\cmd;C:\cygwin64\bin;C:\mingw64\bin;C:\Program Files\NVIDIA Corporation\Nsight Compute 2025.3.1;C:\Program Files (x86)\Windows Kits\10\Windows Performance Toolkit;C:\Program Files\MATLAB\R2025b\bin;C:\Program Files\Docker\Docker\resources\bin;C:\Program Files\PuTTY;C:\Program Files\Amazon\AWSCLIV2;C:\Users\jenny\Java\jdk-21.0.12.1+1\bin;C:\Users\jenny\anaconda3;C:\Users\jenny\anaconda3\Library\mingw-w64\bin;C:\Users\jenny\anaconda3\Library\usr\bin;C:\Users\jenny\anaconda3\Library\bin;C:\Users\jenny\anaconda3\Scripts;C:\Users\jenny\anaconda3\bin;C:\Users\jenny\anaconda3\condabin;C:\Users\jenny\AppData\Local\Programs\Python\Python313\Scripts;C:\Users\jenny\AppData\Local\Programs\Python\Python313;C:\Use;C:\Users\jenny\AppData\Local\Programs\Microsoft VS Code\bin;C:\Users\jenny\AppData\Local\OpenClaw\deps\portable-node;C:\apache-ant-1.10.17\bin;C:\apache-ant-1.10.15\bin;C:\Users\jenny\AppData\Roaming\nvm\v22.17.0;C:\Users\jenny\AppData\Roaming\nvm\v18.17.1;C:\Program Files\Git\mingw64\bin;C:\Windows\System32\WindowsPowerShell\v1.0;C:\Windows\System32\OpenSSH;C:\Program Files\dotnet;C:\Program Files\Git\usr\bin\vendor_perl;C:\Program Files\Git\usr\bin\core_perl
USERNAME=jenny
SHELL=C:\Program Files\Git\usr\bin\bash.exe
TERM=xterm-256color
OS=Windows_NT
PROCESSOR_IDENTIFIER=Intel64 Family 6 Model 183 Stepping 1, GenuineIntel
TMP=C:\Users\jenny\AppData\Local\Temp
TEMP=C:\Users\jenny\AppData\Local\Temp




Compilation memory statistics disabled.

Periodic native trim disabled

---------------  S Y S T E M  ---------------

OS:
 Windows 11 , 64 bit Build 26100 (10.0.26100.9444)
OS uptime: 2 days 5:50 hours
Hyper-V role detected

CPU: total 16 (initial active 16) (8 cores per cpu, 2 threads per core) family 6 model 183 stepping 1 microcode 0x133, cx8, cmov, fxsr, ht, mmx, 3dnowpref, sse, sse2, sse3, ssse3, sse4.1, sse4.2, popcnt, lzcnt, tsc, tscinvbit, avx, avx2, aes, erms, clmul, bmi1, bmi2, adx, sha, fma, vzeroupper, clflush, clflushopt, clwb, hv, serialize, rdtscp, rdpid, fsrm, gfni, f16c, cet_ibt, cet_ss
Processor Information for processor 0
  Max Mhz: 2400, Current Mhz: 2400, Mhz Limit: 2400
Processor Information for processor 1
  Max Mhz: 2400, Current Mhz: 2400, Mhz Limit: 2400
Processor Information for processor 2
  Max Mhz: 2400, Current Mhz: 2400, Mhz Limit: 2400
Processor Information for processor 3
  Max Mhz: 2400, Current Mhz: 2400, Mhz Limit: 2400
Processor Information for processor 4
  Max Mhz: 2400, Current Mhz: 2400, Mhz Limit: 2400
Processor Information for processor 5
  Max Mhz: 2400, Current Mhz: 2400, Mhz Limit: 2400
Processor Information for processor 6
  Max Mhz: 2400, Current Mhz: 2400, Mhz Limit: 2400
Processor Information for processor 7
  Max Mhz: 2400, Current Mhz: 2400, Mhz Limit: 2400
Processor Information for processor 8
  Max Mhz: 2400, Current Mhz: 2400, Mhz Limit: 2400
Processor Information for processor 9
  Max Mhz: 2400, Current Mhz: 2400, Mhz Limit: 2400
Processor Information for processor 10
  Max Mhz: 2400, Current Mhz: 2400, Mhz Limit: 2400
Processor Information for processor 11
  Max Mhz: 2400, Current Mhz: 2400, Mhz Limit: 2400
Processor Information for processor 12
  Max Mhz: 2400, Current Mhz: 2400, Mhz Limit: 2400
Processor Information for processor 13
  Max Mhz: 2400, Current Mhz: 1466, Mhz Limit: 2400
Processor Information for processor 14
  Max Mhz: 2400, Current Mhz: 2400, Mhz Limit: 2400
Processor Information for processor 15
  Max Mhz: 2400, Current Mhz: 2400, Mhz Limit: 2400

Memory: 4k page, system-wide physical 15987M (337M free)
TotalPageFile size 36467M (AvailPageFile size 81M)
current process WorkingSet (physical memory assigned to process): 2688M, peak: 2688M
current process commit charge ("private bytes"): 2846M, peak: 3001M

vm_info: OpenJDK 64-Bit Server VM (25.0.4.1+1-LTS) for windows-amd64 JRE (25.0.4.1+1-LTS), built on 2026-08-18T00:00:00Z with MS VC++ 17.12 (VS2022)

END.
